scenario_id,behavioral_family,chat_id,turn_number,user_message,expected_behavior,actual_parsed_state,actual_active_state,response_summary,returned_product_ids,hard_constraints,soft_preferences,pass_status,failure_category,diagnostic_notes,http_status,elapsed_seconds,product_price_evidence
S001,BASIC_PRODUCT_DISCOVERY,86,1,Show me watches.,Interpret watches as the current category with normal product mode and no stale constraints.,{},"{""profile_id"": ""account_10_7c280d1d4b3d"", ""categories"": [""Watches""], ""brands"": [], ""colors"": [], ""materials"": [], ""sizes"": [], ""occasions"": [], ""minimum_price"": null, ""maximum_price"": null, ""currency"": ""USD"", ""destination"": null, ""timeframe"": null, ""top_brand_mode"": false, ""active_request_text"": ""Watches"", ""memory_version"": ""active_request_memory_v1"", ""_pending_bridge_version"": ""chat_pending_bridge_v1""}",I understood your shopping request.  - Product: Watches - Maximum price: flexible  I found 10 exact matches satisfying the current constraints.  Prices are historical dataset prices and may differ from current Amazon prices.,"[""B0BG65PQ9F"", ""B071D37SF9"", ""B01M636GNK"", ""B01I9OMC2C"", ""B08X2X5YN5"", ""B000GAYQKY"", ""B01M4I8D07"", ""B09S4VHC1B"", ""B001AWZDA4"", ""B01AYFTRJA""]","{""categories"": [""Watches""], ""_pending_bridge_version"": ""chat_pending_bridge_v1""}",[],PASS,,Observed behavior matched the automated diagnostic expectation.,200,1.797714,"[{""product_id"": ""B0BG65PQ9F"", ""numeric_db_price"": 63.0, ""reconstructed_card_price"": null, ""price_display"": null}, {""product_id"": ""B071D37SF9"", ""numeric_db_price"": 22.0, ""reconstructed_card_price"": null, ""price_display"": null}, {""product_id"": ""B01M636GNK"", ""numeric_db_price"": 36.4, ""reconstructed_card_price"": null, ""price_display"": null}, {""product_id"": ""B01I9OMC2C"", ""numeric_db_price"": 37.73, ""reconstructed_card_price"": null, ""price_display"": null}, {""product_id"": ""B08X2X5YN5"", ""numeric_db_price"": 13.59, ""reconstructed_card_price"": null, ""price_display"": null}, {""product_id"": ""B000GAYQKY"", ""numeric_db_price"": 52.92, ""reconstructed_card_price"": null, ""price_display"": null}, {""product_id"": ""B01M4I8D07"", ""numeric_db_price"": 32.9, ""reconstructed_card_price"": null, ""price_display"": null}, {""product_id"": ""B09S4VHC1B"", ""numeric_db_price"": 49.92, ""reconstructed_card_price"": null, ""price_display"": null}, {""product_id"": ""B001AWZDA4"", ""numeric_db_price"": 21.92, ""reconstructed_card_price"": null, ""price_display"": null}, {""product_id"": ""B01AYFTRJA"", ""numeric_db_price"": 19.99, ""reconstructed_card_price"": null, ""price_display"": null}]"
S002,BASIC_PRODUCT_DISCOVERY,87,1,Show me shoes.,Interpret shoes as the current category with normal product mode and no stale constraints.,{},"{""profile_id"": ""account_10_7c280d1d4b3d"", ""categories"": [""Shoes""], ""brands"": [], ""colors"": [], ""materials"": [], ""sizes"": [], ""occasions"": [], ""minimum_price"": null, ""maximum_price"": null, ""currency"": ""USD"", ""destination"": null, ""timeframe"": null, ""top_brand_mode"": false, ""active_request_text"": ""Shoes"", ""memory_version"": ""active_request_memory_v1"", ""_pending_bridge_version"": ""chat_pending_bridge_v1""}",I understood your shopping request.  - Product: Shoes - Maximum price: flexible  I found 10 exact matches satisfying the current constraints.  Prices are historical dataset prices and may differ from current Amazon prices.,"[""B07BZGVBF7"", ""B08134XNNB"", ""B00DJSRER2"", ""B09DTQXJDP"", ""B07W5J6XMP"", ""B01M17LSEE"", ""B0922DBSLN"", ""B07JPYSNDP"", ""B0BYNY3FQR"", ""B00Q4V24RQ""]","{""categories"": [""Shoes""], ""_pending_bridge_version"": ""chat_pending_bridge_v1""}",[],PASS,,Observed behavior matched the automated diagnostic expectation.,200,2.232697,"[{""product_id"": ""B07BZGVBF7"", ""numeric_db_price"": 31.62, ""reconstructed_card_price"": null, ""price_display"": null}, {""product_id"": ""B08134XNNB"", ""numeric_db_price"": 34.99, ""reconstructed_card_price"": null, ""price_display"": null}, {""product_id"": ""B00DJSRER2"", ""numeric_db_price"": 45.0, ""reconstructed_card_price"": null, ""price_display"": null}, {""product_id"": ""B09DTQXJDP"", ""numeric_db_price"": 23.99, ""reconstructed_card_price"": null, ""price_display"": null}, {""product_id"": ""B07W5J6XMP"", ""numeric_db_price"": 39.99, ""reconstructed_card_price"": null, ""price_display"": null}, {""product_id"": ""B01M17LSEE"", ""numeric_db_price"": 127.24, ""reconstructed_card_price"": null, ""price_display"": null}, {""product_id"": ""B0922DBSLN"", ""numeric_db_price"": 49.95, ""reconstructed_card_price"": null, ""price_display"": null}, {""product_id"": ""B07JPYSNDP"", ""numeric_db_price"": 11.99, ""reconstructed_card_price"": null, ""price_display"": null}, {""product_id"": ""B0BYNY3FQR"", ""numeric_db_price"": 42.9, ""reconstructed_card_price"": null, ""price_display"": null}, {""product_id"": ""B00Q4V24RQ"", ""numeric_db_price"": 57.95, ""reconstructed_card_price"": null, ""price_display"": null}]"
S003,BASIC_PRODUCT_DISCOVERY,88,1,Show me t-shirts.,Interpret t-shirts as the current category with normal product mode and no stale constraints.,{},"{""profile_id"": ""account_10_7c280d1d4b3d"", ""categories"": [""T-Shirts"", ""Shirts""], ""brands"": [], ""colors"": [], ""materials"": [], ""sizes"": [], ""occasions"": [], ""minimum_price"": null, ""maximum_price"": null, ""currency"": ""USD"", ""destination"": null, ""timeframe"": null, ""top_brand_mode"": false, ""active_request_text"": ""T-Shirts Shirts"", ""memory_version"": ""active_request_memory_v1"", ""_pending_bridge_version"": ""chat_pending_bridge_v1""}","I understood your shopping request.  - Product: T-Shirts, Shirts - Maximum price: flexible  I found 10 exact matches satisfying the current constraints.  Prices are historical dataset prices and may differ from current Amazon prices.","[""B07TVHSDMQ"", ""B0BZDLXKTS"", ""B08R8W8GP9"", ""B09DPVPZHY"", ""B07QN1V2LF"", ""B07T7RFKSR"", ""B0C2D3BMC8"", ""B0C4HS52X9"", ""B09Y3V1P78"", ""B07KCN4G6T""]","{""categories"": [""T-Shirts"", ""Shirts""], ""_pending_bridge_version"": ""chat_pending_bridge_v1""}",[],PASS,,Observed behavior matched the automated diagnostic expectation.,200,2.262969,"[{""product_id"": ""B07TVHSDMQ"", ""numeric_db_price"": 17.99, ""reconstructed_card_price"": null, ""price_display"": null}, {""product_id"": ""B0BZDLXKTS"", ""numeric_db_price"": 21.99, ""reconstructed_card_price"": null, ""price_display"": null}, {""product_id"": ""B08R8W8GP9"", ""numeric_db_price"": 23.95, ""reconstructed_card_price"": null, ""price_display"": null}, {""product_id"": ""B09DPVPZHY"", ""numeric_db_price"": 17.99, ""reconstructed_card_price"": null, ""price_display"": null}, {""product_id"": ""B07QN1V2LF"", ""numeric_db_price"": 25.99, ""reconstructed_card_price"": null, ""price_display"": null}, {""product_id"": ""B07T7RFKSR"", ""numeric_db_price"": 19.99, ""reconstructed_card_price"": null, ""price_display"": null}, {""product_id"": ""B0C2D3BMC8"", ""numeric_db_price"": 14.0, ""reconstructed_card_price"": null, ""price_display"": null}, {""product_id"": ""B0C4HS52X9"", ""numeric_db_price"": 21.33, ""reconstructed_card_price"": null, ""price_display"": null}, {""product_id"": ""B09Y3V1P78"", ""numeric_db_price"": 18.75, ""reconstructed_card_price"": null, ""price_display"": null}, {""product_id"": ""B07KCN4G6T"", ""numeric_db_price"": 38.3, ""reconstructed_card_price"": null, ""price_display"": null}]"
S004,BASIC_PRODUCT_DISCOVERY,89,1,I need a jacket.,Interpret jacket as the current category with normal product mode.,{},"{""profile_id"": ""account_10_7c280d1d4b3d"", ""categories"": [""Jackets""], ""brands"": [], ""colors"": [], ""materials"": [], ""sizes"": [], ""occasions"": [], ""minimum_price"": null, ""maximum_price"": null, ""currency"": ""USD"", ""destination"": null, ""timeframe"": null, ""top_brand_mode"": false, ""active_request_text"": ""Jackets"", ""memory_version"": ""active_request_memory_v1"", ""_pending_bridge_version"": ""chat_pending_bridge_v1""}",I understood your shopping request.  - Product: Jackets - Maximum price: flexible  I found 10 exact matches satisfying the current constraints.  Prices are historical dataset prices and may differ from current Amazon prices.,"[""B0BLXPNPQV"", ""B0084AVW7I"", ""B0BFQBC58T"", ""B0B18B6FGH"", ""B08JJJV897"", ""B0BHTPQ72V"", ""B09HDMWRTX"", ""B09M6QR4BP"", ""B08224J2ZG"", ""B00NHO4WCS""]","{""categories"": [""Jackets""], ""_pending_bridge_version"": ""chat_pending_bridge_v1""}",[],PASS,,Observed behavior matched the automated diagnostic expectation.,200,3.180532,"[{""product_id"": ""B0BLXPNPQV"", ""numeric_db_price"": 44.99, ""reconstructed_card_price"": null, ""price_display"": null}, {""product_id"": ""B0084AVW7I"", ""numeric_db_price"": 44.99, ""reconstructed_card_price"": null, ""price_display"": null}, {""product_id"": ""B0BFQBC58T"", ""numeric_db_price"": 23.92, ""reconstructed_card_price"": null, ""price_display"": null}, {""product_id"": ""B0B18B6FGH"", ""numeric_db_price"": 49.95, ""reconstructed_card_price"": null, ""price_display"": null}, {""product_id"": ""B08JJJV897"", ""numeric_db_price"": 38.99, ""reconstructed_card_price"": null, ""price_display"": null}, {""product_id"": ""B0BHTPQ72V"", ""numeric_db_price"": 179.99, ""reconstructed_card_price"": null, ""price_display"": null}, {""product_id"": ""B09HDMWRTX"", ""numeric_db_price"": 39.99, ""reconstructed_card_price"": null, ""price_display"": null}, {""product_id"": ""B09M6QR4BP"", ""numeric_db_price"": 69.97, ""reconstructed_card_price"": null, ""price_display"": null}, {""product_id"": ""B08224J2ZG"", ""numeric_db_price"": 49.99, ""reconstructed_card_price"": null, ""price_display"": null}, {""product_id"": ""B00NHO4WCS"", ""numeric_db_price"": 69.97, ""reconstructed_card_price"": null, ""price_display"": null}]"
S005,BASIC_PRODUCT_DISCOVERY,90,1,Show me some accessories.,Interpret accessories without unrelated stale constraints.,{},"{""profile_id"": ""account_10_7c280d1d4b3d"", ""categories"": [""Accessories""], ""brands"": [], ""colors"": [], ""materials"": [], ""sizes"": [], ""occasions"": [], ""minimum_price"": null, ""maximum_price"": null, ""currency"": ""USD"", ""destination"": null, ""timeframe"": null, ""top_brand_mode"": false, ""active_request_text"": ""Accessories"", ""memory_version"": ""active_request_memory_v1"", ""_pending_bridge_version"": ""chat_pending_bridge_v1""}",I understood your shopping request.  - Product: Accessories - Maximum price: flexible  I found 10 exact matches satisfying the current constraints.  Prices are historical dataset prices and may differ from current Amazon prices.,"[""B00975EAJ6"", ""B01N5HUOFP"", ""B089RXP8K2"", ""B0B9ZYDDZ1"", ""B0C4YKLXPQ"", ""B096B6CXWG"", ""B0B9KD494Z"", ""B0895FKB9P"", ""B07MT546HC"", ""B09ZVK34DX""]","{""categories"": [""Accessories""], ""_pending_bridge_version"": ""chat_pending_bridge_v1""}",[],PASS,,Observed behavior matched the automated diagnostic expectation.,200,4.033276,"[{""product_id"": ""B00975EAJ6"", ""numeric_db_price"": 9.99, ""reconstructed_card_price"": null, ""price_display"": null}, {""product_id"": ""B01N5HUOFP"", ""numeric_db_price"": 12.99, ""reconstructed_card_price"": null, ""price_display"": null}, {""product_id"": ""B089RXP8K2"", ""numeric_db_price"": 13.59, ""reconstructed_card_price"": null, ""price_display"": null}, {""product_id"": ""B0B9ZYDDZ1"", ""numeric_db_price"": 15.99, ""reconstructed_card_price"": null, ""price_display"": null}, {""product_id"": ""B0C4YKLXPQ"", ""numeric_db_price"": 19.99, ""reconstructed_card_price"": null, ""price_display"": null}, {""product_id"": ""B096B6CXWG"", ""numeric_db_price"": 10.19, ""reconstructed_card_price"": null, ""price_display"": null}, {""product_id"": ""B0B9KD494Z"", ""numeric_db_price"": 10.99, ""reconstructed_card_price"": null, ""price_display"": null}, {""product_id"": ""B0895FKB9P"", ""numeric_db_price"": 18.99, ""reconstructed_card_price"": null, ""price_display"": null}, {""product_id"": ""B07MT546HC"", ""numeric_db_price"": 19.99, ""reconstructed_card_price"": null, ""price_display"": null}, {""product_id"": ""B09ZVK34DX"", ""numeric_db_price"": 24.49, ""reconstructed_card_price"": null, ""price_display"": null}]"
S006,BRAND_REQUESTS,91,1,Show me Nike shoes.,Nike is an explicit hard brand constraint and shoes is the product category.,{},"{""profile_id"": ""account_10_7c280d1d4b3d"", ""categories"": [""Shoes""], ""brands"": [""Nike""], ""colors"": [], ""materials"": [], ""sizes"": [], ""occasions"": [], ""minimum_price"": null, ""maximum_price"": null, ""currency"": ""USD"", ""destination"": null, ""timeframe"": null, ""top_brand_mode"": false, ""active_request_text"": ""Shoes from Nike"", ""memory_version"": ""active_request_memory_v1"", ""_pending_bridge_version"": ""chat_pending_bridge_v1""}",I understood your shopping request.  - Product: Shoes - Brand: Nike - Maximum price: flexible  I found 10 exact matches satisfying the current constraints.  Prices are historical dataset prices and may differ from current Amazon prices.,"[""B07RJTN4CS"", ""B01D3MS79W"", ""B0753J399N"", ""B01HZR3P02"", ""B078H9Z1S5"", ""B01MRC85DW"", ""B08XX28VQ9"", ""B00P927FTI"", ""B01LWRFXMD"", ""B01MUHRR8I""]","{""categories"": [""Shoes""], ""brands"": [""Nike""], ""_pending_bridge_version"": ""chat_pending_bridge_v1""}",[],PASS,,Observed behavior matched the automated diagnostic expectation.,200,2.989029,"[{""product_id"": ""B07RJTN4CS"", ""numeric_db_price"": 74.99, ""reconstructed_card_price"": null, ""price_display"": null}, {""product_id"": ""B01D3MS79W"", ""numeric_db_price"": 29.76, ""reconstructed_card_price"": null, ""price_display"": null}, {""product_id"": ""B0753J399N"", ""numeric_db_price"": 44.0, ""reconstructed_card_price"": null, ""price_display"": null}, {""product_id"": ""B01HZR3P02"", ""numeric_db_price"": 99.0, ""reconstructed_card_price"": null, ""price_display"": null}, {""product_id"": ""B078H9Z1S5"", ""numeric_db_price"": 103.59, ""reconstructed_card_price"": null, ""price_display"": null}, {""product_id"": ""B01MRC85DW"", ""numeric_db_price"": 73.93, ""reconstructed_card_price"": null, ""price_display"": null}, {""product_id"": ""B08XX28VQ9"", ""numeric_db_price"": 34.99, ""reconstructed_card_price"": null, ""price_display"": null}, {""product_id"": ""B00P927FTI"", ""numeric_db_price"": 105.97, ""reconstructed_card_price"": null, ""price_display"": null}, {""product_id"": ""B01LWRFXMD"", ""numeric_db_price"": 197.5, ""reconstructed_card_price"": null, ""price_display"": null}, {""product_id"": ""B01MUHRR8I"", ""numeric_db_price"": 69.95, ""reconstructed_card_price"": null, ""price_display"": null}]"
S007,BRAND_REQUESTS,92,1,Show me adidas t-shirts.,adidas is an explicit hard brand constraint and t-shirts is the product category.,{},"{""profile_id"": ""account_10_7c280d1d4b3d"", ""categories"": [""T-Shirts"", ""Shirts""], ""brands"": [""adidas""], ""colors"": [], ""materials"": [], ""sizes"": [], ""occasions"": [], ""minimum_price"": null, ""maximum_price"": null, ""currency"": ""USD"", ""destination"": null, ""timeframe"": null, ""top_brand_mode"": false, ""active_request_text"": ""T-Shirts Shirts from adidas"", ""memory_version"": ""active_request_memory_v1"", ""_pending_bridge_version"": ""chat_pending_bridge_v1""}","I understood your shopping request.  - Product: T-Shirts, Shirts - Brand: adidas - Maximum price: flexible  I found 10 exact matches satisfying the current constraints.  Prices are historical dataset prices and may differ from current Amazon prices.","[""B08XC9Z2J5"", ""B09H1WZSV5"", ""B08NVTDY3G"", ""B07KT4J317"", ""B0BBXKBQYY"", ""B08PZVWBTL"", ""B00ZFNRGWM"", ""B014UWAHOW"", ""B087LV6C6G"", ""B086HZX8LW""]","{""categories"": [""T-Shirts"", ""Shirts""], ""brands"": [""adidas""], ""_pending_bridge_version"": ""chat_pending_bridge_v1""}",[],PASS,,Observed behavior matched the automated diagnostic expectation.,200,2.326269,"[{""product_id"": ""B08XC9Z2J5"", ""numeric_db_price"": 15.0, ""reconstructed_card_price"": null, ""price_display"": null}, {""product_id"": ""B09H1WZSV5"", ""numeric_db_price"": 12.0, ""reconstructed_card_price"": null, ""price_display"": null}, {""product_id"": ""B08NVTDY3G"", ""numeric_db_price"": 21.9, ""reconstructed_card_price"": null, ""price_display"": null}, {""product_id"": ""B07KT4J317"", ""numeric_db_price"": 28.5, ""reconstructed_card_price"": null, ""price_display"": null}, {""product_id"": ""B0BBXKBQYY"", ""numeric_db_price"": 15.0, ""reconstructed_card_price"": null, ""price_display"": null}, {""product_id"": ""B08PZVWBTL"", ""numeric_db_price"": 29.99, ""reconstructed_card_price"": null, ""price_display"": null}, {""product_id"": ""B00ZFNRGWM"", ""numeric_db_price"": 13.98, ""reconstructed_card_price"": null, ""price_display"": null}, {""product_id"": ""B014UWAHOW"", ""numeric_db_price"": 30.99, ""reconstructed_card_price"": null, ""price_display"": null}, {""product_id"": ""B087LV6C6G"", ""numeric_db_price"": 22.34, ""reconstructed_card_price"": null, ""price_display"": null}, {""product_id"": ""B086HZX8LW"", ""numeric_db_price"": 26.73, ""reconstructed_card_price"": null, ""price_display"": null}]"
S008,BRAND_REQUESTS,93,1,Show me products from Skechers.,Skechers becomes the explicit hard brand constraint.,{},"{""profile_id"": ""account_10_7c280d1d4b3d"", ""categories"": [], ""brands"": [""Skechers""], ""colors"": [], ""materials"": [], ""sizes"": [], ""occasions"": [], ""minimum_price"": null, ""maximum_price"": null, ""currency"": ""USD"", ""destination"": null, ""timeframe"": null, ""top_brand_mode"": false, ""active_request_text"": ""from Skechers"", ""memory_version"": ""active_request_memory_v1"", ""_pending_bridge_version"": ""chat_pending_bridge_v1""}",I understood your shopping request.  - Brand: Skechers - Maximum price: flexible  I found 10 exact matches satisfying the current constraints.  Prices are historical dataset prices and may differ from current Amazon prices.,"[""B00DJSRER2"", ""B0BYNY3FQR"", ""B005GI8UZ8"", ""B093T7CCCF"", ""B016P9A6GM"", ""B07C2KSHC7"", ""B00LFAXBVO"", ""B00WR255YK"", ""B00L522Z0U"", ""B0BN6CCHB7""]","{""brands"": [""Skechers""], ""_pending_bridge_version"": ""chat_pending_bridge_v1""}",[],PASS,,Observed behavior matched the automated diagnostic expectation.,200,2.45199,"[{""product_id"": ""B00DJSRER2"", ""numeric_db_price"": 45.0, ""reconstructed_card_price"": null, ""price_display"": null}, {""product_id"": ""B0BYNY3FQR"", ""numeric_db_price"": 42.9, ""reconstructed_card_price"": null, ""price_display"": null}, {""product_id"": ""B005GI8UZ8"", ""numeric_db_price"": 49.95, ""reconstructed_card_price"": null, ""price_display"": null}, {""product_id"": ""B093T7CCCF"", ""numeric_db_price"": 49.95, ""reconstructed_card_price"": null, ""price_display"": null}, {""product_id"": ""B016P9A6GM"", ""numeric_db_price"": 72.95, ""reconstructed_card_price"": null, ""price_display"": null}, {""product_id"": ""B07C2KSHC7"", ""numeric_db_price"": 36.95, ""reconstructed_card_price"": null, ""price_display"": null}, {""product_id"": ""B00LFAXBVO"", ""numeric_db_price"": 50.77, ""reconstructed_card_price"": null, ""price_display"": null}, {""product_id"": ""B00WR255YK"", ""numeric_db_price"": 55.99, ""reconstructed_card_price"": null, ""price_display"": null}, {""product_id"": ""B00L522Z0U"", ""numeric_db_price"": 75.0, ""reconstructed_card_price"": null, ""price_display"": null}, {""product_id"": ""B0BN6CCHB7"", ""numeric_db_price"": 54.97, ""reconstructed_card_price"": null, ""price_display"": null}]"
S009,COLOUR,94,1,Show me black shoes.,Black is enforced as an explicit colour constraint for shoes.,{},"{""profile_id"": ""account_10_7c280d1d4b3d"", ""categories"": [""Shoes""], ""brands"": [], ""colors"": [""black""], ""materials"": [], ""sizes"": [], ""occasions"": [], ""minimum_price"": null, ""maximum_price"": null, ""currency"": ""USD"", ""destination"": null, ""timeframe"": null, ""top_brand_mode"": false, ""active_request_text"": ""Shoes in black"", ""memory_version"": ""active_request_memory_v1"", ""_pending_bridge_version"": ""chat_pending_bridge_v1""}",I understood your shopping request.  - Product: Shoes - Colour: black - Maximum price: flexible  I found 10 exact matches satisfying the current constraints.  Prices are historical dataset prices and may differ from current Amazon prices.,"[""B07FXWWPN6"", ""B07D8NRTXC"", ""B0C4LT6VYD"", ""B00WQ4DIYI"", ""B0C49D8R7P"", ""B07Q2347GD"", ""B0C4LJGW26"", ""B002G9UFNK"", ""B096DWNW67"", ""B008F7E9G6""]","{""categories"": [""Shoes""], ""colors"": [""black""], ""_pending_bridge_version"": ""chat_pending_bridge_v1""}",[],PASS,,Observed behavior matched the automated diagnostic expectation.,200,6.29591,"[{""product_id"": ""B07FXWWPN6"", ""numeric_db_price"": 29.71, ""reconstructed_card_price"": null, ""price_display"": null}, {""product_id"": ""B07D8NRTXC"", ""numeric_db_price"": 21.99, ""reconstructed_card_price"": null, ""price_display"": null}, {""product_id"": ""B0C4LT6VYD"", ""numeric_db_price"": 24.99, ""reconstructed_card_price"": null, ""price_display"": null}, {""product_id"": ""B00WQ4DIYI"", ""numeric_db_price"": 45.2, ""reconstructed_card_price"": null, ""price_display"": null}, {""product_id"": ""B0C49D8R7P"", ""numeric_db_price"": 17.99, ""reconstructed_card_price"": null, ""price_display"": null}, {""product_id"": ""B07Q2347GD"", ""numeric_db_price"": 27.9, ""reconstructed_card_price"": null, ""price_display"": null}, {""product_id"": ""B0C4LJGW26"", ""numeric_db_price"": 33.36, ""reconstructed_card_price"": null, ""price_display"": null}, {""product_id"": ""B002G9UFNK"", ""numeric_db_price"": 8.85, ""reconstructed_card_price"": null, ""price_display"": null}, {""product_id"": ""B096DWNW67"", ""numeric_db_price"": 55.99, ""reconstructed_card_price"": null, ""price_display"": null}, {""product_id"": ""B008F7E9G6"", ""numeric_db_price"": 27.98, ""reconstructed_card_price"": null, ""price_display"": null}]"
S010,COLOUR,95,1,Show me red t-shirts.,Red is enforced as an explicit colour constraint for t-shirts.,{},"{""profile_id"": ""account_10_7c280d1d4b3d"", ""categories"": [""T-Shirts"", ""Shirts""], ""brands"": [], ""colors"": [""red""], ""materials"": [], ""sizes"": [], ""occasions"": [], ""minimum_price"": null, ""maximum_price"": null, ""currency"": ""USD"", ""destination"": null, ""timeframe"": null, ""top_brand_mode"": false, ""active_request_text"": ""T-Shirts Shirts in red"", ""memory_version"": ""active_request_memory_v1"", ""_pending_bridge_version"": ""chat_pending_bridge_v1""}","I understood your shopping request.  - Product: T-Shirts, Shirts - Colour: red - Maximum price: flexible  I found 10 exact matches satisfying the current constraints.  Prices are historical dataset prices and may differ from current Amazon prices.","[""B0BLZY8SPJ"", ""B07B4FMN9C"", ""B08R3HJTCG"", ""B00SXBTPUY"", ""B07JNQPBKP"", ""B07NC2PXHY"", ""B00SUMQHYS"", ""B0BS39GD55"", ""B09XFRYSYD"", ""B00O972ZAI""]","{""categories"": [""T-Shirts"", ""Shirts""], ""colors"": [""red""], ""_pending_bridge_version"": ""chat_pending_bridge_v1""}",[],PASS,,Observed behavior matched the automated diagnostic expectation.,200,5.464864,"[{""product_id"": ""B0BLZY8SPJ"", ""numeric_db_price"": 49.36, ""reconstructed_card_price"": null, ""price_display"": null}, {""product_id"": ""B07B4FMN9C"", ""numeric_db_price"": 21.98, ""reconstructed_card_price"": null, ""price_display"": null}, {""product_id"": ""B08R3HJTCG"", ""numeric_db_price"": 25.01, ""reconstructed_card_price"": null, ""price_display"": null}, {""product_id"": ""B00SXBTPUY"", ""numeric_db_price"": 19.99, ""reconstructed_card_price"": null, ""price_display"": null}, {""product_id"": ""B07JNQPBKP"", ""numeric_db_price"": 21.98, ""reconstructed_card_price"": null, ""price_display"": null}, {""product_id"": ""B07NC2PXHY"", ""numeric_db_price"": 29.99, ""reconstructed_card_price"": null, ""price_display"": null}, {""product_id"": ""B00SUMQHYS"", ""numeric_db_price"": 34.99, ""reconstructed_card_price"": null, ""price_display"": null}, {""product_id"": ""B0BS39GD55"", ""numeric_db_price"": 34.99, ""reconstructed_card_price"": null, ""price_display"": null}, {""product_id"": ""B09XFRYSYD"", ""numeric_db_price"": 14.85, ""reconstructed_card_price"": null, ""price_display"": null}, {""product_id"": ""B00O972ZAI"", ""numeric_db_price"": 18.36, ""reconstructed_card_price"": null, ""price_display"": null}]"
S011,COLOUR,96,1,Show me blue jackets.,Blue is enforced as an explicit colour constraint for jackets.,{},"{""profile_id"": ""account_10_7c280d1d4b3d"", ""categories"": [""Jackets""], ""brands"": [], ""colors"": [""blue""], ""materials"": [], ""sizes"": [], ""occasions"": [], ""minimum_price"": null, ""maximum_price"": null, ""currency"": ""USD"", ""destination"": null, ""timeframe"": null, ""top_brand_mode"": false, ""active_request_text"": ""Jackets in blue"", ""memory_version"": ""active_request_memory_v1"", ""_pending_bridge_version"": ""chat_pending_bridge_v1""}",I understood your shopping request.  - Product: Jackets - Colour: blue - Maximum price: flexible  I found 10 exact matches satisfying the current constraints.  Prices are historical dataset prices and may differ from current Amazon prices.,"[""B01L0KQ1WO"", ""B09ZVNV89R"", ""B01CSC6OJI"", ""B07G64NZMK"", ""B0BRJRPXMW"", ""B07J4RHXMM"", ""B0BTSZ16KL"", ""B0935RTT2L"", ""B07JQCJ5J8"", ""B09MJYVBQ3""]","{""categories"": [""Jackets""], ""colors"": [""blue""], ""_pending_bridge_version"": ""chat_pending_bridge_v1""}",[],PASS,,Observed behavior matched the automated diagnostic expectation.,200,3.755475,"[{""product_id"": ""B01L0KQ1WO"", ""numeric_db_price"": 25.72, ""reconstructed_card_price"": null, ""price_display"": null}, {""product_id"": ""B09ZVNV89R"", ""numeric_db_price"": 62.65, ""reconstructed_card_price"": null, ""price_display"": null}, {""product_id"": ""B01CSC6OJI"", ""numeric_db_price"": 39.99, ""reconstructed_card_price"": null, ""price_display"": null}, {""product_id"": ""B07G64NZMK"", ""numeric_db_price"": 23.99, ""reconstructed_card_price"": null, ""price_display"": null}, {""product_id"": ""B0BRJRPXMW"", ""numeric_db_price"": 31.99, ""reconstructed_card_price"": null, ""price_display"": null}, {""product_id"": ""B07J4RHXMM"", ""numeric_db_price"": 56.9, ""reconstructed_card_price"": null, ""price_display"": null}, {""product_id"": ""B0BTSZ16KL"", ""numeric_db_price"": 42.29, ""reconstructed_card_price"": null, ""price_display"": null}, {""product_id"": ""B0935RTT2L"", ""numeric_db_price"": 149.99, ""reconstructed_card_price"": null, ""price_display"": null}, {""product_id"": ""B07JQCJ5J8"", ""numeric_db_price"": 62.99, ""reconstructed_card_price"": null, ""price_display"": null}, {""product_id"": ""B09MJYVBQ3"", ""numeric_db_price"": 29.99, ""reconstructed_card_price"": null, ""price_display"": null}]"
S012,BUDGET_LANGUAGE,97,1,Show me watches under $100.,Interpret under $100 as maximum_price 100.,{},"{""profile_id"": ""account_10_7c280d1d4b3d"", ""categories"": [""Watches""], ""brands"": [], ""colors"": [], ""materials"": [], ""sizes"": [], ""occasions"": [], ""minimum_price"": null, ""maximum_price"": 100.0, ""currency"": ""USD"", ""destination"": null, ""timeframe"": null, ""top_brand_mode"": false, ""active_request_text"": ""Watches under $100"", ""memory_version"": ""active_request_memory_v1"", ""_pending_bridge_version"": ""chat_pending_bridge_v1""}",I understood your shopping request.  - Product: Watches - Maximum price: $100  I found 10 exact matches satisfying the current constraints.  Prices are historical dataset prices and may differ from current Amazon prices.,"[""B0BG65PQ9F"", ""B071D37SF9"", ""B01M636GNK"", ""B01I9OMC2C"", ""B08X2X5YN5"", ""B000GAYQKY"", ""B01M4I8D07"", ""B09S4VHC1B"", ""B001AWZDA4"", ""B01AYFTRJA""]","{""categories"": [""Watches""], ""maximum_price"": 100.0, ""_pending_bridge_version"": ""chat_pending_bridge_v1""}",[],PASS,,Observed behavior matched the automated diagnostic expectation.,200,1.614741,"[{""product_id"": ""B0BG65PQ9F"", ""numeric_db_price"": 63.0, ""reconstructed_card_price"": null, ""price_display"": null}, {""product_id"": ""B071D37SF9"", ""numeric_db_price"": 22.0, ""reconstructed_card_price"": null, ""price_display"": null}, {""product_id"": ""B01M636GNK"", ""numeric_db_price"": 36.4, ""reconstructed_card_price"": null, ""price_display"": null}, {""product_id"": ""B01I9OMC2C"", ""numeric_db_price"": 37.73, ""reconstructed_card_price"": null, ""price_display"": null}, {""product_id"": ""B08X2X5YN5"", ""numeric_db_price"": 13.59, ""reconstructed_card_price"": null, ""price_display"": null}, {""product_id"": ""B000GAYQKY"", ""numeric_db_price"": 52.92, ""reconstructed_card_price"": null, ""price_display"": null}, {""product_id"": ""B01M4I8D07"", ""numeric_db_price"": 32.9, ""reconstructed_card_price"": null, ""price_display"": null}, {""product_id"": ""B09S4VHC1B"", ""numeric_db_price"": 49.92, ""reconstructed_card_price"": null, ""price_display"": null}, {""product_id"": ""B001AWZDA4"", ""numeric_db_price"": 21.92, ""reconstructed_card_price"": null, ""price_display"": null}, {""product_id"": ""B01AYFTRJA"", ""numeric_db_price"": 19.99, ""reconstructed_card_price"": null, ""price_display"": null}]"
S013,BUDGET_LANGUAGE,98,1,Show me shoes below $100.,Interpret below $100 as maximum_price 100.,{},"{""profile_id"": ""account_10_7c280d1d4b3d"", ""categories"": [""Shoes""], ""brands"": [], ""colors"": [], ""materials"": [], ""sizes"": [], ""occasions"": [], ""minimum_price"": null, ""maximum_price"": 100.0, ""currency"": ""USD"", ""destination"": null, ""timeframe"": null, ""top_brand_mode"": false, ""active_request_text"": ""Shoes under $100"", ""memory_version"": ""active_request_memory_v1"", ""_pending_bridge_version"": ""chat_pending_bridge_v1""}",I understood your shopping request.  - Product: Shoes - Maximum price: $100  I found 10 exact matches satisfying the current constraints.  Prices are historical dataset prices and may differ from current Amazon prices.,"[""B07BZGVBF7"", ""B08134XNNB"", ""B00DJSRER2"", ""B09DTQXJDP"", ""B07W5J6XMP"", ""B0922DBSLN"", ""B07JPYSNDP"", ""B0BYNY3FQR"", ""B00Q4V24RQ"", ""B09M74TRNM""]","{""categories"": [""Shoes""], ""maximum_price"": 100.0, ""_pending_bridge_version"": ""chat_pending_bridge_v1""}",[],PASS,,Observed behavior matched the automated diagnostic expectation.,200,2.038488,"[{""product_id"": ""B07BZGVBF7"", ""numeric_db_price"": 31.62, ""reconstructed_card_price"": null, ""price_display"": null}, {""product_id"": ""B08134XNNB"", ""numeric_db_price"": 34.99, ""reconstructed_card_price"": null, ""price_display"": null}, {""product_id"": ""B00DJSRER2"", ""numeric_db_price"": 45.0, ""reconstructed_card_price"": null, ""price_display"": null}, {""product_id"": ""B09DTQXJDP"", ""numeric_db_price"": 23.99, ""reconstructed_card_price"": null, ""price_display"": null}, {""product_id"": ""B07W5J6XMP"", ""numeric_db_price"": 39.99, ""reconstructed_card_price"": null, ""price_display"": null}, {""product_id"": ""B0922DBSLN"", ""numeric_db_price"": 49.95, ""reconstructed_card_price"": null, ""price_display"": null}, {""product_id"": ""B07JPYSNDP"", ""numeric_db_price"": 11.99, ""reconstructed_card_price"": null, ""price_display"": null}, {""product_id"": ""B0BYNY3FQR"", ""numeric_db_price"": 42.9, ""reconstructed_card_price"": null, ""price_display"": null}, {""product_id"": ""B00Q4V24RQ"", ""numeric_db_price"": 57.95, ""reconstructed_card_price"": null, ""price_display"": null}, {""product_id"": ""B09M74TRNM"", ""numeric_db_price"": 38.99, ""reconstructed_card_price"": null, ""price_display"": null}]"
S014,BUDGET_LANGUAGE,99,1,Show me jackets less than $100.,Interpret less than $100 as maximum_price 100.,{},"{""profile_id"": ""account_10_7c280d1d4b3d"", ""categories"": [""Jackets""], ""brands"": [], ""colors"": [], ""materials"": [], ""sizes"": [], ""occasions"": [], ""minimum_price"": null, ""maximum_price"": 100.0, ""currency"": ""USD"", ""destination"": null, ""timeframe"": null, ""top_brand_mode"": false, ""active_request_text"": ""Jackets under $100"", ""memory_version"": ""active_request_memory_v1"", ""_pending_bridge_version"": ""chat_pending_bridge_v1""}",I understood your shopping request.  - Product: Jackets - Maximum price: $100  I found 10 exact matches satisfying the current constraints.  Prices are historical dataset prices and may differ from current Amazon prices.,"[""B0BLXPNPQV"", ""B0084AVW7I"", ""B0BFQBC58T"", ""B0B18B6FGH"", ""B08JJJV897"", ""B09HDMWRTX"", ""B09M6QR4BP"", ""B08224J2ZG"", ""B00NHO4WCS"", ""B07W452D22""]","{""categories"": [""Jackets""], ""maximum_price"": 100.0, ""_pending_bridge_version"": ""chat_pending_bridge_v1""}",[],PASS,,Observed behavior matched the automated diagnostic expectation.,200,2.102132,"[{""product_id"": ""B0BLXPNPQV"", ""numeric_db_price"": 44.99, ""reconstructed_card_price"": null, ""price_display"": null}, {""product_id"": ""B0084AVW7I"", ""numeric_db_price"": 44.99, ""reconstructed_card_price"": null, ""price_display"": null}, {""product_id"": ""B0BFQBC58T"", ""numeric_db_price"": 23.92, ""reconstructed_card_price"": null, ""price_display"": null}, {""product_id"": ""B0B18B6FGH"", ""numeric_db_price"": 49.95, ""reconstructed_card_price"": null, ""price_display"": null}, {""product_id"": ""B08JJJV897"", ""numeric_db_price"": 38.99, ""reconstructed_card_price"": null, ""price_display"": null}, {""product_id"": ""B09HDMWRTX"", ""numeric_db_price"": 39.99, ""reconstructed_card_price"": null, ""price_display"": null}, {""product_id"": ""B09M6QR4BP"", ""numeric_db_price"": 69.97, ""reconstructed_card_price"": null, ""price_display"": null}, {""product_id"": ""B08224J2ZG"", ""numeric_db_price"": 49.99, ""reconstructed_card_price"": null, ""price_display"": null}, {""product_id"": ""B00NHO4WCS"", ""numeric_db_price"": 69.97, ""reconstructed_card_price"": null, ""price_display"": null}, {""product_id"": ""B07W452D22"", ""numeric_db_price"": 31.99, ""reconstructed_card_price"": null, ""price_display"": null}]"
S015,BUDGET_LANGUAGE,100,1,"Show me t-shirts, max $100.",Interpret max $100 as maximum_price 100.,{},"{""profile_id"": ""account_10_7c280d1d4b3d"", ""categories"": [""T-Shirts"", ""Shirts""], ""brands"": [], ""colors"": [], ""materials"": [], ""sizes"": [], ""occasions"": [], ""minimum_price"": null, ""maximum_price"": 100.0, ""currency"": ""USD"", ""destination"": null, ""timeframe"": null, ""top_brand_mode"": false, ""active_request_text"": ""T-Shirts Shirts under $100"", ""memory_version"": ""active_request_memory_v1"", ""_pending_bridge_version"": ""chat_pending_bridge_v1""}","I understood your shopping request.  - Product: T-Shirts, Shirts - Maximum price: $100  I found 10 exact matches satisfying the current constraints.  Prices are historical dataset prices and may differ from current Amazon prices.","[""B07TVHSDMQ"", ""B0BZDLXKTS"", ""B08R8W8GP9"", ""B09DPVPZHY"", ""B07QN1V2LF"", ""B07T7RFKSR"", ""B0C2D3BMC8"", ""B0C4HS52X9"", ""B09Y3V1P78"", ""B07KCN4G6T""]","{""categories"": [""T-Shirts"", ""Shirts""], ""maximum_price"": 100.0, ""_pending_bridge_version"": ""chat_pending_bridge_v1""}",[],PASS,,Observed behavior matched the automated diagnostic expectation.,200,2.380722,"[{""product_id"": ""B07TVHSDMQ"", ""numeric_db_price"": 17.99, ""reconstructed_card_price"": null, ""price_display"": null}, {""product_id"": ""B0BZDLXKTS"", ""numeric_db_price"": 21.99, ""reconstructed_card_price"": null, ""price_display"": null}, {""product_id"": ""B08R8W8GP9"", ""numeric_db_price"": 23.95, ""reconstructed_card_price"": null, ""price_display"": null}, {""product_id"": ""B09DPVPZHY"", ""numeric_db_price"": 17.99, ""reconstructed_card_price"": null, ""price_display"": null}, {""product_id"": ""B07QN1V2LF"", ""numeric_db_price"": 25.99, ""reconstructed_card_price"": null, ""price_display"": null}, {""product_id"": ""B07T7RFKSR"", ""numeric_db_price"": 19.99, ""reconstructed_card_price"": null, ""price_display"": null}, {""product_id"": ""B0C2D3BMC8"", ""numeric_db_price"": 14.0, ""reconstructed_card_price"": null, ""price_display"": null}, {""product_id"": ""B0C4HS52X9"", ""numeric_db_price"": 21.33, ""reconstructed_card_price"": null, ""price_display"": null}, {""product_id"": ""B09Y3V1P78"", ""numeric_db_price"": 18.75, ""reconstructed_card_price"": null, ""price_display"": null}, {""product_id"": ""B07KCN4G6T"", ""numeric_db_price"": 38.3, ""reconstructed_card_price"": null, ""price_display"": null}]"
S016,BUDGET_LANGUAGE,101,1,I need shoes and my budget is $100.,Record the current interpretation of budget is $100.,{},"{""profile_id"": ""account_10_7c280d1d4b3d"", ""categories"": [""Shoes""], ""brands"": [], ""colors"": [], ""materials"": [], ""sizes"": [], ""occasions"": [], ""minimum_price"": null, ""maximum_price"": 100.0, ""currency"": ""USD"", ""destination"": null, ""timeframe"": null, ""top_brand_mode"": false, ""active_request_text"": ""Shoes under $100"", ""memory_version"": ""active_request_memory_v1"", ""_pending_bridge_version"": ""chat_pending_bridge_v1""}",I understood your shopping request.  - Product: Shoes - Maximum price: $100  I found 10 exact matches satisfying the current constraints.  Prices are historical dataset prices and may differ from current Amazon prices.,"[""B07BZGVBF7"", ""B08134XNNB"", ""B00DJSRER2"", ""B09DTQXJDP"", ""B07W5J6XMP"", ""B0922DBSLN"", ""B07JPYSNDP"", ""B0BYNY3FQR"", ""B00Q4V24RQ"", ""B09M74TRNM""]","{""categories"": [""Shoes""], ""maximum_price"": 100.0, ""_pending_bridge_version"": ""chat_pending_bridge_v1""}",[],PARTIAL,PARSER,Recorded interpretation: minimum=None maximum=100.0.,200,2.640613,"[{""product_id"": ""B07BZGVBF7"", ""numeric_db_price"": 31.62, ""reconstructed_card_price"": null, ""price_display"": null}, {""product_id"": ""B08134XNNB"", ""numeric_db_price"": 34.99, ""reconstructed_card_price"": null, ""price_display"": null}, {""product_id"": ""B00DJSRER2"", ""numeric_db_price"": 45.0, ""reconstructed_card_price"": null, ""price_display"": null}, {""product_id"": ""B09DTQXJDP"", ""numeric_db_price"": 23.99, ""reconstructed_card_price"": null, ""price_display"": null}, {""product_id"": ""B07W5J6XMP"", ""numeric_db_price"": 39.99, ""reconstructed_card_price"": null, ""price_display"": null}, {""product_id"": ""B0922DBSLN"", ""numeric_db_price"": 49.95, ""reconstructed_card_price"": null, ""price_display"": null}, {""product_id"": ""B07JPYSNDP"", ""numeric_db_price"": 11.99, ""reconstructed_card_price"": null, ""price_display"": null}, {""product_id"": ""B0BYNY3FQR"", ""numeric_db_price"": 42.9, ""reconstructed_card_price"": null, ""price_display"": null}, {""product_id"": ""B00Q4V24RQ"", ""numeric_db_price"": 57.95, ""reconstructed_card_price"": null, ""price_display"": null}, {""product_id"": ""B09M74TRNM"", ""numeric_db_price"": 38.99, ""reconstructed_card_price"": null, ""price_display"": null}]"
S017,BUDGET_LANGUAGE,102,1,Show me watches around $100.,Record the current interpretation of around $100 without inventing precision.,{},"{""profile_id"": ""account_10_7c280d1d4b3d"", ""categories"": [""Watches""], ""brands"": [], ""colors"": [], ""materials"": [], ""sizes"": [], ""occasions"": [], ""minimum_price"": null, ""maximum_price"": 100.0, ""currency"": ""USD"", ""destination"": null, ""timeframe"": null, ""top_brand_mode"": false, ""active_request_text"": ""Watches under $100"", ""memory_version"": ""active_request_memory_v1"", ""_pending_bridge_version"": ""chat_pending_bridge_v1""}",I understood your shopping request.  - Product: Watches - Maximum price: $100  I found 10 exact matches satisfying the current constraints.  Prices are historical dataset prices and may differ from current Amazon prices.,"[""B0BG65PQ9F"", ""B071D37SF9"", ""B01M636GNK"", ""B01I9OMC2C"", ""B08X2X5YN5"", ""B000GAYQKY"", ""B01M4I8D07"", ""B09S4VHC1B"", ""B001AWZDA4"", ""B01AYFTRJA""]","{""categories"": [""Watches""], ""maximum_price"": 100.0, ""_pending_bridge_version"": ""chat_pending_bridge_v1""}",[],PARTIAL,PARSER,Recorded interpretation: minimum=None maximum=100.0.,200,2.620907,"[{""product_id"": ""B0BG65PQ9F"", ""numeric_db_price"": 63.0, ""reconstructed_card_price"": null, ""price_display"": null}, {""product_id"": ""B071D37SF9"", ""numeric_db_price"": 22.0, ""reconstructed_card_price"": null, ""price_display"": null}, {""product_id"": ""B01M636GNK"", ""numeric_db_price"": 36.4, ""reconstructed_card_price"": null, ""price_display"": null}, {""product_id"": ""B01I9OMC2C"", ""numeric_db_price"": 37.73, ""reconstructed_card_price"": null, ""price_display"": null}, {""product_id"": ""B08X2X5YN5"", ""numeric_db_price"": 13.59, ""reconstructed_card_price"": null, ""price_display"": null}, {""product_id"": ""B000GAYQKY"", ""numeric_db_price"": 52.92, ""reconstructed_card_price"": null, ""price_display"": null}, {""product_id"": ""B01M4I8D07"", ""numeric_db_price"": 32.9, ""reconstructed_card_price"": null, ""price_display"": null}, {""product_id"": ""B09S4VHC1B"", ""numeric_db_price"": 49.92, ""reconstructed_card_price"": null, ""price_display"": null}, {""product_id"": ""B001AWZDA4"", ""numeric_db_price"": 21.92, ""reconstructed_card_price"": null, ""price_display"": null}, {""product_id"": ""B01AYFTRJA"", ""numeric_db_price"": 19.99, ""reconstructed_card_price"": null, ""price_display"": null}]"
S018,BUDGET_LANGUAGE,103,1,Show me jackets about $100.,Record the current interpretation of about $100 without inventing precision.,{},"{""profile_id"": ""account_10_7c280d1d4b3d"", ""categories"": [""Jackets""], ""brands"": [], ""colors"": [], ""materials"": [], ""sizes"": [], ""occasions"": [], ""minimum_price"": null, ""maximum_price"": 100.0, ""currency"": ""USD"", ""destination"": null, ""timeframe"": null, ""top_brand_mode"": false, ""active_request_text"": ""Jackets under $100"", ""memory_version"": ""active_request_memory_v1"", ""_pending_bridge_version"": ""chat_pending_bridge_v1""}",I understood your shopping request.  - Product: Jackets - Maximum price: $100  I found 10 exact matches satisfying the current constraints.  Prices are historical dataset prices and may differ from current Amazon prices.,"[""B0BLXPNPQV"", ""B0084AVW7I"", ""B0BFQBC58T"", ""B0B18B6FGH"", ""B08JJJV897"", ""B09HDMWRTX"", ""B09M6QR4BP"", ""B08224J2ZG"", ""B00NHO4WCS"", ""B07W452D22""]","{""categories"": [""Jackets""], ""maximum_price"": 100.0, ""_pending_bridge_version"": ""chat_pending_bridge_v1""}",[],PARTIAL,PARSER,Recorded interpretation: minimum=None maximum=100.0.,200,2.194104,"[{""product_id"": ""B0BLXPNPQV"", ""numeric_db_price"": 44.99, ""reconstructed_card_price"": null, ""price_display"": null}, {""product_id"": ""B0084AVW7I"", ""numeric_db_price"": 44.99, ""reconstructed_card_price"": null, ""price_display"": null}, {""product_id"": ""B0BFQBC58T"", ""numeric_db_price"": 23.92, ""reconstructed_card_price"": null, ""price_display"": null}, {""product_id"": ""B0B18B6FGH"", ""numeric_db_price"": 49.95, ""reconstructed_card_price"": null, ""price_display"": null}, {""product_id"": ""B08JJJV897"", ""numeric_db_price"": 38.99, ""reconstructed_card_price"": null, ""price_display"": null}, {""product_id"": ""B09HDMWRTX"", ""numeric_db_price"": 39.99, ""reconstructed_card_price"": null, ""price_display"": null}, {""product_id"": ""B09M6QR4BP"", ""numeric_db_price"": 69.97, ""reconstructed_card_price"": null, ""price_display"": null}, {""product_id"": ""B08224J2ZG"", ""numeric_db_price"": 49.99, ""reconstructed_card_price"": null, ""price_display"": null}, {""product_id"": ""B00NHO4WCS"", ""numeric_db_price"": 69.97, ""reconstructed_card_price"": null, ""price_display"": null}, {""product_id"": ""B07W452D22"", ""numeric_db_price"": 31.99, ""reconstructed_card_price"": null, ""price_display"": null}]"
S019,BUDGET_LANGUAGE,104,1,Show me shoes between $50 and $100.,Interpret minimum_price 50 and maximum_price 100.,{},"{""profile_id"": ""account_10_7c280d1d4b3d"", ""categories"": [""Shoes""], ""brands"": [], ""colors"": [], ""materials"": [], ""sizes"": [], ""occasions"": [], ""minimum_price"": 50.0, ""maximum_price"": 100.0, ""currency"": ""USD"", ""destination"": null, ""timeframe"": null, ""top_brand_mode"": false, ""active_request_text"": ""Shoes over $50 under $100"", ""memory_version"": ""active_request_memory_v1"", ""_pending_bridge_version"": ""chat_pending_bridge_v1""}",I understood your shopping request.  - Product: Shoes - Minimum price: $50 - Maximum price: $100  I found 10 exact matches satisfying the current constraints.  Prices are historical dataset prices and may differ from current Amazon prices.,"[""B00Q4V24RQ"", ""B0C62MD9JY"", ""B00D7IDIP6"", ""B016P9A6GM"", ""B078HDBP3C"", ""B0BK7TW2DV"", ""B093R14VP1"", ""B00LFAXBVO"", ""B07RJTN4CS"", ""B001EJMRKW""]","{""categories"": [""Shoes""], ""minimum_price"": 50.0, ""maximum_price"": 100.0, ""_pending_bridge_version"": ""chat_pending_bridge_v1""}",[],PASS,,Observed behavior matched the automated diagnostic expectation.,200,2.315561,"[{""product_id"": ""B00Q4V24RQ"", ""numeric_db_price"": 57.95, ""reconstructed_card_price"": null, ""price_display"": null}, {""product_id"": ""B0C62MD9JY"", ""numeric_db_price"": 99.95, ""reconstructed_card_price"": null, ""price_display"": null}, {""product_id"": ""B00D7IDIP6"", ""numeric_db_price"": 80.03, ""reconstructed_card_price"": null, ""price_display"": null}, {""product_id"": ""B016P9A6GM"", ""numeric_db_price"": 72.95, ""reconstructed_card_price"": null, ""price_display"": null}, {""product_id"": ""B078HDBP3C"", ""numeric_db_price"": 74.95, ""reconstructed_card_price"": null, ""price_display"": null}, {""product_id"": ""B0BK7TW2DV"", ""numeric_db_price"": 69.96, ""reconstructed_card_price"": null, ""price_display"": null}, {""product_id"": ""B093R14VP1"", ""numeric_db_price"": 63.95, ""reconstructed_card_price"": null, ""price_display"": null}, {""product_id"": ""B00LFAXBVO"", ""numeric_db_price"": 50.77, ""reconstructed_card_price"": null, ""price_display"": null}, {""product_id"": ""B07RJTN4CS"", ""numeric_db_price"": 74.99, ""reconstructed_card_price"": null, ""price_display"": null}, {""product_id"": ""B001EJMRKW"", ""numeric_db_price"": 99.91, ""reconstructed_card_price"": null, ""price_display"": null}]"
S020,BUDGET_REMOVAL,105,1,Show me black Nike shoes under $40.,Second turn clears maximum_price while preserving relevant brand/category/colour.,{},"{""profile_id"": ""account_10_7c280d1d4b3d"", ""categories"": [""Shoes""], ""brands"": [""Nike""], ""colors"": [""black""], ""materials"": [], ""sizes"": [], ""occasions"": [], ""minimum_price"": null, ""maximum_price"": 40.0, ""currency"": ""USD"", ""destination"": null, ""timeframe"": null, ""top_brand_mode"": false, ""active_request_text"": ""Shoes from Nike in black under $40"", ""memory_version"": ""active_request_memory_v1"", ""_pending_bridge_version"": ""chat_pending_bridge_v1""}","I understood your shopping request.  - Product: Shoes - Brand: Nike - Colour: black - Maximum price: $40  I found 1 exact match. I did not add unrelated products to reach 10 recommendations.  To see more results, you can increase the maximum budget, allow additional colours, or allow additional brands.  Prices are historical dataset prices and may differ from current Amazon prices.","[""B08XX28VQ9""]","{""categories"": [""Shoes""], ""brands"": [""Nike""], ""colors"": [""black""], ""maximum_price"": 40.0, ""_pending_bridge_version"": ""chat_pending_bridge_v1""}",[],PASS,,Observed behavior matched the automated diagnostic expectation.,200,4.026482,"[{""product_id"": ""B08XX28VQ9"", ""numeric_db_price"": 34.99, ""reconstructed_card_price"": null, ""price_display"": null}]"
S020,BUDGET_REMOVAL,105,2,Forget the budget.,Second turn clears maximum_price while preserving relevant brand/category/colour.,{},"{""profile_id"": ""account_10_7c280d1d4b3d"", ""categories"": [""Shoes""], ""brands"": [""Nike""], ""colors"": [""black""], ""materials"": [], ""sizes"": [], ""occasions"": [], ""minimum_price"": null, ""maximum_price"": 40.0, ""currency"": ""USD"", ""destination"": null, ""timeframe"": null, ""top_brand_mode"": false, ""active_request_text"": ""Shoes from Nike in black under $40"", ""memory_version"": ""active_request_memory_v1"", ""_pending_bridge_version"": ""chat_pending_bridge_v1""}","I updated your previous shopping request.  - Product: Shoes - Brand: Nike - Colour: black - Maximum price: $40  I found 1 exact match. I did not add unrelated products to reach 10 recommendations.  To see more results, you can increase the maximum budget, allow additional colours, or allow additional brands.  Prices are historical dataset prices and may differ from current Amazon prices.","[""B08XX28VQ9""]","{""categories"": [""Shoes""], ""brands"": [""Nike""], ""colors"": [""black""], ""maximum_price"": 40.0, ""_pending_bridge_version"": ""chat_pending_bridge_v1""}",[],FAIL,STATE_MEMORY,maximum_price retained as 40.0.,200,4.316566,"[{""product_id"": ""B08XX28VQ9"", ""numeric_db_price"": 34.99, ""reconstructed_card_price"": null, ""price_display"": null}]"
S021,BUDGET_REMOVAL,106,1,Show me black Nike shoes under $40.,Second turn clears maximum_price while preserving relevant brand/category/colour.,{},"{""profile_id"": ""account_10_7c280d1d4b3d"", ""categories"": [""Shoes""], ""brands"": [""Nike""], ""colors"": [""black""], ""materials"": [], ""sizes"": [], ""occasions"": [], ""minimum_price"": null, ""maximum_price"": 40.0, ""currency"": ""USD"", ""destination"": null, ""timeframe"": null, ""top_brand_mode"": false, ""active_request_text"": ""Shoes from Nike in black under $40"", ""memory_version"": ""active_request_memory_v1"", ""_pending_bridge_version"": ""chat_pending_bridge_v1""}","I understood your shopping request.  - Product: Shoes - Brand: Nike - Colour: black - Maximum price: $40  I found 1 exact match. I did not add unrelated products to reach 10 recommendations.  To see more results, you can increase the maximum budget, allow additional colours, or allow additional brands.  Prices are historical dataset prices and may differ from current Amazon prices.","[""B08XX28VQ9""]","{""categories"": [""Shoes""], ""brands"": [""Nike""], ""colors"": [""black""], ""maximum_price"": 40.0, ""_pending_bridge_version"": ""chat_pending_bridge_v1""}",[],PASS,,Observed behavior matched the automated diagnostic expectation.,200,3.757103,"[{""product_id"": ""B08XX28VQ9"", ""numeric_db_price"": 34.99, ""reconstructed_card_price"": null, ""price_display"": null}]"
S021,BUDGET_REMOVAL,106,2,Don't worry about budget.,Second turn clears maximum_price while preserving relevant brand/category/colour.,{},"{""profile_id"": ""account_10_7c280d1d4b3d"", ""categories"": [""Shoes""], ""brands"": [""Nike""], ""colors"": [""black""], ""materials"": [], ""sizes"": [], ""occasions"": [], ""minimum_price"": null, ""maximum_price"": 40.0, ""currency"": ""USD"", ""destination"": null, ""timeframe"": null, ""top_brand_mode"": false, ""active_request_text"": ""Shoes from Nike in black under $40"", ""memory_version"": ""active_request_memory_v1"", ""_pending_bridge_version"": ""chat_pending_bridge_v1""}","I updated your previous shopping request.  - Product: Shoes - Brand: Nike - Colour: black - Maximum price: $40  I found 1 exact match. I did not add unrelated products to reach 10 recommendations.  To see more results, you can increase the maximum budget, allow additional colours, or allow additional brands.  Prices are historical dataset prices and may differ from current Amazon prices.","[""B08XX28VQ9""]","{""categories"": [""Shoes""], ""brands"": [""Nike""], ""colors"": [""black""], ""maximum_price"": 40.0, ""_pending_bridge_version"": ""chat_pending_bridge_v1""}",[],FAIL,STATE_MEMORY,maximum_price retained as 40.0.,200,3.458735,"[{""product_id"": ""B08XX28VQ9"", ""numeric_db_price"": 34.99, ""reconstructed_card_price"": null, ""price_display"": null}]"
S022,BUDGET_REMOVAL,107,1,Show me black Nike shoes under $40.,Second turn clears maximum_price while preserving relevant brand/category/colour.,{},"{""profile_id"": ""account_10_7c280d1d4b3d"", ""categories"": [""Shoes""], ""brands"": [""Nike""], ""colors"": [""black""], ""materials"": [], ""sizes"": [], ""occasions"": [], ""minimum_price"": null, ""maximum_price"": 40.0, ""currency"": ""USD"", ""destination"": null, ""timeframe"": null, ""top_brand_mode"": false, ""active_request_text"": ""Shoes from Nike in black under $40"", ""memory_version"": ""active_request_memory_v1"", ""_pending_bridge_version"": ""chat_pending_bridge_v1""}","I understood your shopping request.  - Product: Shoes - Brand: Nike - Colour: black - Maximum price: $40  I found 1 exact match. I did not add unrelated products to reach 10 recommendations.  To see more results, you can increase the maximum budget, allow additional colours, or allow additional brands.  Prices are historical dataset prices and may differ from current Amazon prices.","[""B08XX28VQ9""]","{""categories"": [""Shoes""], ""brands"": [""Nike""], ""colors"": [""black""], ""maximum_price"": 40.0, ""_pending_bridge_version"": ""chat_pending_bridge_v1""}",[],PASS,,Observed behavior matched the automated diagnostic expectation.,200,3.726343,"[{""product_id"": ""B08XX28VQ9"", ""numeric_db_price"": 34.99, ""reconstructed_card_price"": null, ""price_display"": null}]"
S022,BUDGET_REMOVAL,107,2,Price doesn't matter.,Second turn clears maximum_price while preserving relevant brand/category/colour.,{},"{""profile_id"": ""account_10_7c280d1d4b3d"", ""categories"": [""Shoes""], ""brands"": [""Nike""], ""colors"": [""black""], ""materials"": [], ""sizes"": [], ""occasions"": [], ""minimum_price"": null, ""maximum_price"": 40.0, ""currency"": ""USD"", ""destination"": null, ""timeframe"": null, ""top_brand_mode"": false, ""active_request_text"": ""Shoes from Nike in black under $40"", ""memory_version"": ""active_request_memory_v1"", ""_pending_bridge_version"": ""chat_pending_bridge_v1""}","I updated your previous shopping request.  - Product: Shoes - Brand: Nike - Colour: black - Maximum price: $40  I found 1 exact match. I did not add unrelated products to reach 10 recommendations.  To see more results, you can increase the maximum budget, allow additional colours, or allow additional brands.  Prices are historical dataset prices and may differ from current Amazon prices.","[""B08XX28VQ9""]","{""categories"": [""Shoes""], ""brands"": [""Nike""], ""colors"": [""black""], ""maximum_price"": 40.0, ""_pending_bridge_version"": ""chat_pending_bridge_v1""}",[],FAIL,STATE_MEMORY,maximum_price retained as 40.0.,200,3.83856,"[{""product_id"": ""B08XX28VQ9"", ""numeric_db_price"": 34.99, ""reconstructed_card_price"": null, ""price_display"": null}]"
S023,BUDGET_REMOVAL,108,1,Show me black Nike shoes under $40.,Second turn clears maximum_price while preserving relevant brand/category/colour.,{},"{""profile_id"": ""account_10_7c280d1d4b3d"", ""categories"": [""Shoes""], ""brands"": [""Nike""], ""colors"": [""black""], ""materials"": [], ""sizes"": [], ""occasions"": [], ""minimum_price"": null, ""maximum_price"": 40.0, ""currency"": ""USD"", ""destination"": null, ""timeframe"": null, ""top_brand_mode"": false, ""active_request_text"": ""Shoes from Nike in black under $40"", ""memory_version"": ""active_request_memory_v1"", ""_pending_bridge_version"": ""chat_pending_bridge_v1""}","I understood your shopping request.  - Product: Shoes - Brand: Nike - Colour: black - Maximum price: $40  I found 1 exact match. I did not add unrelated products to reach 10 recommendations.  To see more results, you can increase the maximum budget, allow additional colours, or allow additional brands.  Prices are historical dataset prices and may differ from current Amazon prices.","[""B08XX28VQ9""]","{""categories"": [""Shoes""], ""brands"": [""Nike""], ""colors"": [""black""], ""maximum_price"": 40.0, ""_pending_bridge_version"": ""chat_pending_bridge_v1""}",[],PASS,,Observed behavior matched the automated diagnostic expectation.,200,3.513537,"[{""product_id"": ""B08XX28VQ9"", ""numeric_db_price"": 34.99, ""reconstructed_card_price"": null, ""price_display"": null}]"
S023,BUDGET_REMOVAL,108,2,Show me all of them regardless of price.,Second turn clears maximum_price while preserving relevant brand/category/colour.,{},"{""profile_id"": ""account_10_7c280d1d4b3d"", ""categories"": [""Shoes""], ""brands"": [""Nike""], ""colors"": [""black""], ""materials"": [], ""sizes"": [], ""occasions"": [], ""minimum_price"": null, ""maximum_price"": 40.0, ""currency"": ""USD"", ""destination"": null, ""timeframe"": null, ""top_brand_mode"": false, ""active_request_text"": ""Shoes from Nike in black under $40"", ""memory_version"": ""active_request_memory_v1"", ""_pending_bridge_version"": ""chat_pending_bridge_v1""}","I updated your previous shopping request.  - Product: Shoes - Brand: Nike - Colour: black - Maximum price: $40  I found 1 exact match. I did not add unrelated products to reach 10 recommendations.  To see more results, you can increase the maximum budget, allow additional colours, or allow additional brands.  Prices are historical dataset prices and may differ from current Amazon prices.","[""B08XX28VQ9""]","{""categories"": [""Shoes""], ""brands"": [""Nike""], ""colors"": [""black""], ""maximum_price"": 40.0, ""_pending_bridge_version"": ""chat_pending_bridge_v1""}",[],FAIL,STATE_MEMORY,maximum_price retained as 40.0.,200,4.586476,"[{""product_id"": ""B08XX28VQ9"", ""numeric_db_price"": 34.99, ""reconstructed_card_price"": null, ""price_display"": null}]"
S024,BUDGET_REMOVAL,109,1,Show me black Nike shoes under $40.,Second turn clears maximum_price while preserving relevant brand/category/colour.,{},"{""profile_id"": ""account_10_7c280d1d4b3d"", ""categories"": [""Shoes""], ""brands"": [""Nike""], ""colors"": [""black""], ""materials"": [], ""sizes"": [], ""occasions"": [], ""minimum_price"": null, ""maximum_price"": 40.0, ""currency"": ""USD"", ""destination"": null, ""timeframe"": null, ""top_brand_mode"": false, ""active_request_text"": ""Shoes from Nike in black under $40"", ""memory_version"": ""active_request_memory_v1"", ""_pending_bridge_version"": ""chat_pending_bridge_v1""}","I understood your shopping request.  - Product: Shoes - Brand: Nike - Colour: black - Maximum price: $40  I found 1 exact match. I did not add unrelated products to reach 10 recommendations.  To see more results, you can increase the maximum budget, allow additional colours, or allow additional brands.  Prices are historical dataset prices and may differ from current Amazon prices.","[""B08XX28VQ9""]","{""categories"": [""Shoes""], ""brands"": [""Nike""], ""colors"": [""black""], ""maximum_price"": 40.0, ""_pending_bridge_version"": ""chat_pending_bridge_v1""}",[],PASS,,Observed behavior matched the automated diagnostic expectation.,200,4.49919,"[{""product_id"": ""B08XX28VQ9"", ""numeric_db_price"": 34.99, ""reconstructed_card_price"": null, ""price_display"": null}]"
S024,BUDGET_REMOVAL,109,2,Remove the price limit.,Second turn clears maximum_price while preserving relevant brand/category/colour.,{},"{""profile_id"": ""account_10_7c280d1d4b3d"", ""categories"": [""Shoes""], ""brands"": [""Nike""], ""colors"": [""black""], ""materials"": [], ""sizes"": [], ""occasions"": [], ""minimum_price"": null, ""maximum_price"": 40.0, ""currency"": ""USD"", ""destination"": null, ""timeframe"": null, ""top_brand_mode"": false, ""active_request_text"": ""Shoes from Nike in black under $40"", ""memory_version"": ""active_request_memory_v1"", ""_pending_bridge_version"": ""chat_pending_bridge_v1""}","I updated your previous shopping request.  - Product: Shoes - Brand: Nike - Colour: black - Maximum price: $40  I found 1 exact match. I did not add unrelated products to reach 10 recommendations.  To see more results, you can increase the maximum budget, allow additional colours, or allow additional brands.  Prices are historical dataset prices and may differ from current Amazon prices.","[""B08XX28VQ9""]","{""categories"": [""Shoes""], ""brands"": [""Nike""], ""colors"": [""black""], ""maximum_price"": 40.0, ""_pending_bridge_version"": ""chat_pending_bridge_v1""}",[],FAIL,STATE_MEMORY,maximum_price retained as 40.0.,200,4.252449,"[{""product_id"": ""B08XX28VQ9"", ""numeric_db_price"": 34.99, ""reconstructed_card_price"": null, ""price_display"": null}]"
S025,CONSTRAINT_REPLACEMENT,110,1,Show me Nike shoes.,Replace Nike with adidas and remove obsolete Nike constraint.,{},"{""profile_id"": ""account_10_7c280d1d4b3d"", ""categories"": [""Shoes""], ""brands"": [""Nike""], ""colors"": [], ""materials"": [], ""sizes"": [], ""occasions"": [], ""minimum_price"": null, ""maximum_price"": null, ""currency"": ""USD"", ""destination"": null, ""timeframe"": null, ""top_brand_mode"": false, ""active_request_text"": ""Shoes from Nike"", ""memory_version"": ""active_request_memory_v1"", ""_pending_bridge_version"": ""chat_pending_bridge_v1""}",I understood your shopping request.  - Product: Shoes - Brand: Nike - Maximum price: flexible  I found 10 exact matches satisfying the current constraints.  Prices are historical dataset prices and may differ from current Amazon prices.,"[""B07RJTN4CS"", ""B01D3MS79W"", ""B0753J399N"", ""B01HZR3P02"", ""B078H9Z1S5"", ""B01MRC85DW"", ""B08XX28VQ9"", ""B00P927FTI"", ""B01LWRFXMD"", ""B01MUHRR8I""]","{""categories"": [""Shoes""], ""brands"": [""Nike""], ""_pending_bridge_version"": ""chat_pending_bridge_v1""}",[],PASS,,Observed behavior matched the automated diagnostic expectation.,200,2.279867,"[{""product_id"": ""B07RJTN4CS"", ""numeric_db_price"": 74.99, ""reconstructed_card_price"": null, ""price_display"": null}, {""product_id"": ""B01D3MS79W"", ""numeric_db_price"": 29.76, ""reconstructed_card_price"": null, ""price_display"": null}, {""product_id"": ""B0753J399N"", ""numeric_db_price"": 44.0, ""reconstructed_card_price"": null, ""price_display"": null}, {""product_id"": ""B01HZR3P02"", ""numeric_db_price"": 99.0, ""reconstructed_card_price"": null, ""price_display"": null}, {""product_id"": ""B078H9Z1S5"", ""numeric_db_price"": 103.59, ""reconstructed_card_price"": null, ""price_display"": null}, {""product_id"": ""B01MRC85DW"", ""numeric_db_price"": 73.93, ""reconstructed_card_price"": null, ""price_display"": null}, {""product_id"": ""B08XX28VQ9"", ""numeric_db_price"": 34.99, ""reconstructed_card_price"": null, ""price_display"": null}, {""product_id"": ""B00P927FTI"", ""numeric_db_price"": 105.97, ""reconstructed_card_price"": null, ""price_display"": null}, {""product_id"": ""B01LWRFXMD"", ""numeric_db_price"": 197.5, ""reconstructed_card_price"": null, ""price_display"": null}, {""product_id"": ""B01MUHRR8I"", ""numeric_db_price"": 69.95, ""reconstructed_card_price"": null, ""price_display"": null}]"
S025,CONSTRAINT_REPLACEMENT,110,2,"Actually, make that adidas.",Replace Nike with adidas and remove obsolete Nike constraint.,{},"{""profile_id"": ""account_10_7c280d1d4b3d"", ""categories"": [""Shoes""], ""brands"": [""adidas""], ""colors"": [], ""materials"": [], ""sizes"": [], ""occasions"": [], ""minimum_price"": null, ""maximum_price"": null, ""currency"": ""USD"", ""destination"": null, ""timeframe"": null, ""top_brand_mode"": false, ""active_request_text"": ""Shoes from adidas"", ""memory_version"": ""active_request_memory_v1"", ""_pending_bridge_version"": ""chat_pending_bridge_v1""}",I updated your previous shopping request.  - Product: Shoes - Brand: adidas - Maximum price: flexible  I found 10 exact matches satisfying the current constraints.  Prices are historical dataset prices and may differ from current Amazon prices.,"[""B07FDB7GMZ"", ""B0C4YJGPTQ"", ""B082QKPV3L"", ""B0BSSDNYVY"", ""B0C63QWWCB"", ""B087FCFKLK"", ""B09TJTD1ZB"", ""B0BSSGVDL3"", ""B0BGCNKPMX"", ""B07DP3F2F7""]","{""categories"": [""Shoes""], ""brands"": [""adidas""], ""_pending_bridge_version"": ""chat_pending_bridge_v1""}",[],PASS,,Observed behavior matched the automated diagnostic expectation.,200,2.456986,"[{""product_id"": ""B07FDB7GMZ"", ""numeric_db_price"": 28.82, ""reconstructed_card_price"": null, ""price_display"": null}, {""product_id"": ""B0C4YJGPTQ"", ""numeric_db_price"": 49.95, ""reconstructed_card_price"": null, ""price_display"": null}, {""product_id"": ""B082QKPV3L"", ""numeric_db_price"": 69.99, ""reconstructed_card_price"": null, ""price_display"": null}, {""product_id"": ""B0BSSDNYVY"", ""numeric_db_price"": 31.96, ""reconstructed_card_price"": null, ""price_display"": null}, {""product_id"": ""B0C63QWWCB"", ""numeric_db_price"": 68.85, ""reconstructed_card_price"": null, ""price_display"": null}, {""product_id"": ""B087FCFKLK"", ""numeric_db_price"": 20.0, ""reconstructed_card_price"": null, ""price_display"": null}, {""product_id"": ""B09TJTD1ZB"", ""numeric_db_price"": 38.95, ""reconstructed_card_price"": null, ""price_display"": null}, {""product_id"": ""B0BSSGVDL3"", ""numeric_db_price"": 42.99, ""reconstructed_card_price"": null, ""price_display"": null}, {""product_id"": ""B0BGCNKPMX"", ""numeric_db_price"": 29.98, ""reconstructed_card_price"": null, ""price_display"": null}, {""product_id"": ""B07DP3F2F7"", ""numeric_db_price"": 169.99, ""reconstructed_card_price"": null, ""price_display"": null}]"
S026,CONSTRAINT_REPLACEMENT,111,1,Show me black shoes.,Replace black with white and remove obsolete black constraint.,{},"{""profile_id"": ""account_10_7c280d1d4b3d"", ""categories"": [""Shoes""], ""brands"": [], ""colors"": [""black""], ""materials"": [], ""sizes"": [], ""occasions"": [], ""minimum_price"": null, ""maximum_price"": null, ""currency"": ""USD"", ""destination"": null, ""timeframe"": null, ""top_brand_mode"": false, ""active_request_text"": ""Shoes in black"", ""memory_version"": ""active_request_memory_v1"", ""_pending_bridge_version"": ""chat_pending_bridge_v1""}",I understood your shopping request.  - Product: Shoes - Colour: black - Maximum price: flexible  I found 10 exact matches satisfying the current constraints.  Prices are historical dataset prices and may differ from current Amazon prices.,"[""B07FXWWPN6"", ""B07D8NRTXC"", ""B0C4LT6VYD"", ""B00WQ4DIYI"", ""B0C49D8R7P"", ""B07Q2347GD"", ""B0C4LJGW26"", ""B002G9UFNK"", ""B096DWNW67"", ""B008F7E9G6""]","{""categories"": [""Shoes""], ""colors"": [""black""], ""_pending_bridge_version"": ""chat_pending_bridge_v1""}",[],PASS,,Observed behavior matched the automated diagnostic expectation.,200,4.257752,"[{""product_id"": ""B07FXWWPN6"", ""numeric_db_price"": 29.71, ""reconstructed_card_price"": null, ""price_display"": null}, {""product_id"": ""B07D8NRTXC"", ""numeric_db_price"": 21.99, ""reconstructed_card_price"": null, ""price_display"": null}, {""product_id"": ""B0C4LT6VYD"", ""numeric_db_price"": 24.99, ""reconstructed_card_price"": null, ""price_display"": null}, {""product_id"": ""B00WQ4DIYI"", ""numeric_db_price"": 45.2, ""reconstructed_card_price"": null, ""price_display"": null}, {""product_id"": ""B0C49D8R7P"", ""numeric_db_price"": 17.99, ""reconstructed_card_price"": null, ""price_display"": null}, {""product_id"": ""B07Q2347GD"", ""numeric_db_price"": 27.9, ""reconstructed_card_price"": null, ""price_display"": null}, {""product_id"": ""B0C4LJGW26"", ""numeric_db_price"": 33.36, ""reconstructed_card_price"": null, ""price_display"": null}, {""product_id"": ""B002G9UFNK"", ""numeric_db_price"": 8.85, ""reconstructed_card_price"": null, ""price_display"": null}, {""product_id"": ""B096DWNW67"", ""numeric_db_price"": 55.99, ""reconstructed_card_price"": null, ""price_display"": null}, {""product_id"": ""B008F7E9G6"", ""numeric_db_price"": 27.98, ""reconstructed_card_price"": null, ""price_display"": null}]"
S026,CONSTRAINT_REPLACEMENT,111,2,Make them white instead.,Replace black with white and remove obsolete black constraint.,{},"{""profile_id"": ""account_10_7c280d1d4b3d"", ""categories"": [""Shoes""], ""brands"": [], ""colors"": [""white""], ""materials"": [], ""sizes"": [], ""occasions"": [], ""minimum_price"": null, ""maximum_price"": null, ""currency"": ""USD"", ""destination"": null, ""timeframe"": null, ""top_brand_mode"": false, ""active_request_text"": ""Shoes in white"", ""memory_version"": ""active_request_memory_v1"", ""_pending_bridge_version"": ""chat_pending_bridge_v1""}",I updated your previous shopping request.  - Product: Shoes - Colour: white - Maximum price: flexible  I found 10 exact matches satisfying the current constraints.  Prices are historical dataset prices and may differ from current Amazon prices.,"[""B0C62MD9JY"", ""B07D8NRTXC"", ""B07Q2347GD"", ""B008F7E9G6"", ""B097FTZHMR"", ""B07L4ZR5BB"", ""B0BF14Z9DZ"", ""B084TN7QDQ"", ""B07RTML8Q7"", ""B07DD7WXYB""]","{""categories"": [""Shoes""], ""colors"": [""white""], ""_pending_bridge_version"": ""chat_pending_bridge_v1""}",[],PASS,,Observed behavior matched the automated diagnostic expectation.,200,3.958204,"[{""product_id"": ""B0C62MD9JY"", ""numeric_db_price"": 99.95, ""reconstructed_card_price"": null, ""price_display"": null}, {""product_id"": ""B07D8NRTXC"", ""numeric_db_price"": 21.99, ""reconstructed_card_price"": null, ""price_display"": null}, {""product_id"": ""B07Q2347GD"", ""numeric_db_price"": 27.9, ""reconstructed_card_price"": null, ""price_display"": null}, {""product_id"": ""B008F7E9G6"", ""numeric_db_price"": 27.98, ""reconstructed_card_price"": null, ""price_display"": null}, {""product_id"": ""B097FTZHMR"", ""numeric_db_price"": 50.0, ""reconstructed_card_price"": null, ""price_display"": null}, {""product_id"": ""B07L4ZR5BB"", ""numeric_db_price"": 64.9, ""reconstructed_card_price"": null, ""price_display"": null}, {""product_id"": ""B0BF14Z9DZ"", ""numeric_db_price"": 22.99, ""reconstructed_card_price"": null, ""price_display"": null}, {""product_id"": ""B084TN7QDQ"", ""numeric_db_price"": 14.69, ""reconstructed_card_price"": null, ""price_display"": null}, {""product_id"": ""B07RTML8Q7"", ""numeric_db_price"": 109.93, ""reconstructed_card_price"": null, ""price_display"": null}, {""product_id"": ""B07DD7WXYB"", ""numeric_db_price"": 16.09, ""reconstructed_card_price"": null, ""price_display"": null}]"
S027,CONSTRAINT_REPLACEMENT,112,1,Show me shoes under $40.,Replace maximum_price 40 with 80.,{},"{""profile_id"": ""account_10_7c280d1d4b3d"", ""categories"": [""Shoes""], ""brands"": [], ""colors"": [], ""materials"": [], ""sizes"": [], ""occasions"": [], ""minimum_price"": null, ""maximum_price"": 40.0, ""currency"": ""USD"", ""destination"": null, ""timeframe"": null, ""top_brand_mode"": false, ""active_request_text"": ""Shoes under $40"", ""memory_version"": ""active_request_memory_v1"", ""_pending_bridge_version"": ""chat_pending_bridge_v1""}",I understood your shopping request.  - Product: Shoes - Maximum price: $40  I found 10 exact matches satisfying the current constraints.  Prices are historical dataset prices and may differ from current Amazon prices.,"[""B07BZGVBF7"", ""B08134XNNB"", ""B09DTQXJDP"", ""B07W5J6XMP"", ""B07JPYSNDP"", ""B09M74TRNM"", ""B00Q2JC290"", ""B09P65M64Z"", ""B07FXWWPN6"", ""B000DZZFUW""]","{""categories"": [""Shoes""], ""maximum_price"": 40.0, ""_pending_bridge_version"": ""chat_pending_bridge_v1""}",[],PASS,,Observed behavior matched the automated diagnostic expectation.,200,2.386737,"[{""product_id"": ""B07BZGVBF7"", ""numeric_db_price"": 31.62, ""reconstructed_card_price"": null, ""price_display"": null}, {""product_id"": ""B08134XNNB"", ""numeric_db_price"": 34.99, ""reconstructed_card_price"": null, ""price_display"": null}, {""product_id"": ""B09DTQXJDP"", ""numeric_db_price"": 23.99, ""reconstructed_card_price"": null, ""price_display"": null}, {""product_id"": ""B07W5J6XMP"", ""numeric_db_price"": 39.99, ""reconstructed_card_price"": null, ""price_display"": null}, {""product_id"": ""B07JPYSNDP"", ""numeric_db_price"": 11.99, ""reconstructed_card_price"": null, ""price_display"": null}, {""product_id"": ""B09M74TRNM"", ""numeric_db_price"": 38.99, ""reconstructed_card_price"": null, ""price_display"": null}, {""product_id"": ""B00Q2JC290"", ""numeric_db_price"": 39.99, ""reconstructed_card_price"": null, ""price_display"": null}, {""product_id"": ""B09P65M64Z"", ""numeric_db_price"": 31.15, ""reconstructed_card_price"": null, ""price_display"": null}, {""product_id"": ""B07FXWWPN6"", ""numeric_db_price"": 29.71, ""reconstructed_card_price"": null, ""price_display"": null}, {""product_id"": ""B000DZZFUW"", ""numeric_db_price"": 25.27, ""reconstructed_card_price"": null, ""price_display"": null}]"
S027,CONSTRAINT_REPLACEMENT,112,2,Raise the limit to $80.,Replace maximum_price 40 with 80.,{},"{""profile_id"": ""account_10_7c280d1d4b3d"", ""categories"": [""Shoes""], ""brands"": [], ""colors"": [], ""materials"": [], ""sizes"": [], ""occasions"": [], ""minimum_price"": null, ""maximum_price"": 40.0, ""currency"": ""USD"", ""destination"": null, ""timeframe"": null, ""top_brand_mode"": false, ""active_request_text"": ""Shoes under $40"", ""memory_version"": ""active_request_memory_v1"", ""_pending_bridge_version"": ""chat_pending_bridge_v1""}",I updated your previous shopping request.  - Product: Shoes - Maximum price: $40  I found 10 exact matches satisfying the current constraints.  Prices are historical dataset prices and may differ from current Amazon prices.,"[""B07BZGVBF7"", ""B08134XNNB"", ""B09DTQXJDP"", ""B07W5J6XMP"", ""B07JPYSNDP"", ""B09M74TRNM"", ""B00Q2JC290"", ""B09P65M64Z"", ""B07FXWWPN6"", ""B000DZZFUW""]","{""categories"": [""Shoes""], ""maximum_price"": 40.0, ""_pending_bridge_version"": ""chat_pending_bridge_v1""}",[],FAIL,STATE_MEMORY,"Replacement failed: wanted 80, obsolete 40, state={'profile_id': 'account_10_7c280d1d4b3d', 'categories': ['Shoes'], 'brands': [], 'colors': [], 'materials': [], 'sizes': [], 'occasions': [], 'minimum_price': None, 'maximum_price': 40.0, 'currency': 'USD', 'destination': None, 'timeframe': None, 'top_brand_mode': False, 'active_request_text': 'Shoes under $40', 'memory_version': 'active_request_memory_v1', '_pending_bridge_version': 'chat_pending_bridge_v1'}.",200,2.305122,"[{""product_id"": ""B07BZGVBF7"", ""numeric_db_price"": 31.62, ""reconstructed_card_price"": null, ""price_display"": null}, {""product_id"": ""B08134XNNB"", ""numeric_db_price"": 34.99, ""reconstructed_card_price"": null, ""price_display"": null}, {""product_id"": ""B09DTQXJDP"", ""numeric_db_price"": 23.99, ""reconstructed_card_price"": null, ""price_display"": null}, {""product_id"": ""B07W5J6XMP"", ""numeric_db_price"": 39.99, ""reconstructed_card_price"": null, ""price_display"": null}, {""product_id"": ""B07JPYSNDP"", ""numeric_db_price"": 11.99, ""reconstructed_card_price"": null, ""price_display"": null}, {""product_id"": ""B09M74TRNM"", ""numeric_db_price"": 38.99, ""reconstructed_card_price"": null, ""price_display"": null}, {""product_id"": ""B00Q2JC290"", ""numeric_db_price"": 39.99, ""reconstructed_card_price"": null, ""price_display"": null}, {""product_id"": ""B09P65M64Z"", ""numeric_db_price"": 31.15, ""reconstructed_card_price"": null, ""price_display"": null}, {""product_id"": ""B07FXWWPN6"", ""numeric_db_price"": 29.71, ""reconstructed_card_price"": null, ""price_display"": null}, {""product_id"": ""B000DZZFUW"", ""numeric_db_price"": 25.27, ""reconstructed_card_price"": null, ""price_display"": null}]"
S028,CONSTRAINT_REPLACEMENT,113,1,Show me Nike shoes.,Replace shoes with t-shirts and remove obsolete shoe goal constraints.,{},"{""profile_id"": ""account_10_7c280d1d4b3d"", ""categories"": [""Shoes""], ""brands"": [""Nike""], ""colors"": [], ""materials"": [], ""sizes"": [], ""occasions"": [], ""minimum_price"": null, ""maximum_price"": null, ""currency"": ""USD"", ""destination"": null, ""timeframe"": null, ""top_brand_mode"": false, ""active_request_text"": ""Shoes from Nike"", ""memory_version"": ""active_request_memory_v1"", ""_pending_bridge_version"": ""chat_pending_bridge_v1""}",I understood your shopping request.  - Product: Shoes - Brand: Nike - Maximum price: flexible  I found 10 exact matches satisfying the current constraints.  Prices are historical dataset prices and may differ from current Amazon prices.,"[""B07RJTN4CS"", ""B01D3MS79W"", ""B0753J399N"", ""B01HZR3P02"", ""B078H9Z1S5"", ""B01MRC85DW"", ""B08XX28VQ9"", ""B00P927FTI"", ""B01LWRFXMD"", ""B01MUHRR8I""]","{""categories"": [""Shoes""], ""brands"": [""Nike""], ""_pending_bridge_version"": ""chat_pending_bridge_v1""}",[],PASS,,Observed behavior matched the automated diagnostic expectation.,200,2.096749,"[{""product_id"": ""B07RJTN4CS"", ""numeric_db_price"": 74.99, ""reconstructed_card_price"": null, ""price_display"": null}, {""product_id"": ""B01D3MS79W"", ""numeric_db_price"": 29.76, ""reconstructed_card_price"": null, ""price_display"": null}, {""product_id"": ""B0753J399N"", ""numeric_db_price"": 44.0, ""reconstructed_card_price"": null, ""price_display"": null}, {""product_id"": ""B01HZR3P02"", ""numeric_db_price"": 99.0, ""reconstructed_card_price"": null, ""price_display"": null}, {""product_id"": ""B078H9Z1S5"", ""numeric_db_price"": 103.59, ""reconstructed_card_price"": null, ""price_display"": null}, {""product_id"": ""B01MRC85DW"", ""numeric_db_price"": 73.93, ""reconstructed_card_price"": null, ""price_display"": null}, {""product_id"": ""B08XX28VQ9"", ""numeric_db_price"": 34.99, ""reconstructed_card_price"": null, ""price_display"": null}, {""product_id"": ""B00P927FTI"", ""numeric_db_price"": 105.97, ""reconstructed_card_price"": null, ""price_display"": null}, {""product_id"": ""B01LWRFXMD"", ""numeric_db_price"": 197.5, ""reconstructed_card_price"": null, ""price_display"": null}, {""product_id"": ""B01MUHRR8I"", ""numeric_db_price"": 69.95, ""reconstructed_card_price"": null, ""price_display"": null}]"
S028,CONSTRAINT_REPLACEMENT,113,2,Actually I want t-shirts.,Replace shoes with t-shirts and remove obsolete shoe goal constraints.,{},"{""profile_id"": ""account_10_7c280d1d4b3d"", ""categories"": [""T-Shirts"", ""Shirts""], ""brands"": [""Nike""], ""colors"": [], ""materials"": [], ""sizes"": [], ""occasions"": [], ""minimum_price"": null, ""maximum_price"": null, ""currency"": ""USD"", ""destination"": null, ""timeframe"": null, ""top_brand_mode"": false, ""active_request_text"": ""T-Shirts Shirts from Nike"", ""memory_version"": ""active_request_memory_v1"", ""_pending_bridge_version"": ""chat_pending_bridge_v1""}","I updated your previous shopping request.  - Product: T-Shirts, Shirts - Brand: Nike - Maximum price: flexible  I found 10 exact matches satisfying the current constraints.  Prices are historical dataset prices and may differ from current Amazon prices.","[""B07GXBNJ7N"", ""B06Y46488Y"", ""B071CXS181"", ""B06Y4BVY5P"", ""B004TZOEF4"", ""B0B99M7KRF"", ""B0B8QMPV34"", ""B00LQMUFNI"", ""B08WH9SH8Z"", ""B08F6FMNYP""]","{""categories"": [""T-Shirts"", ""Shirts""], ""brands"": [""Nike""], ""_pending_bridge_version"": ""chat_pending_bridge_v1""}",[],PASS,,Observed behavior matched the automated diagnostic expectation.,200,2.284501,"[{""product_id"": ""B07GXBNJ7N"", ""numeric_db_price"": 39.0, ""reconstructed_card_price"": null, ""price_display"": null}, {""product_id"": ""B06Y46488Y"", ""numeric_db_price"": 24.52, ""reconstructed_card_price"": null, ""price_display"": null}, {""product_id"": ""B071CXS181"", ""numeric_db_price"": 59.95, ""reconstructed_card_price"": null, ""price_display"": null}, {""product_id"": ""B06Y4BVY5P"", ""numeric_db_price"": 25.98, ""reconstructed_card_price"": null, ""price_display"": null}, {""product_id"": ""B004TZOEF4"", ""numeric_db_price"": 39.99, ""reconstructed_card_price"": null, ""price_display"": null}, {""product_id"": ""B0B99M7KRF"", ""numeric_db_price"": 25.0, ""reconstructed_card_price"": null, ""price_display"": null}, {""product_id"": ""B0B8QMPV34"", ""numeric_db_price"": 23.0, ""reconstructed_card_price"": null, ""price_display"": null}, {""product_id"": ""B00LQMUFNI"", ""numeric_db_price"": 55.0, ""reconstructed_card_price"": null, ""price_display"": null}, {""product_id"": ""B08WH9SH8Z"", ""numeric_db_price"": 35.0, ""reconstructed_card_price"": null, ""price_display"": null}, {""product_id"": ""B08F6FMNYP"", ""numeric_db_price"": 32.91, ""reconstructed_card_price"": null, ""price_display"": null}]"
S029,CONSTRAINT_RELAXATION,114,1,Show me black shoes.,Clear only the colour constraint.,{},"{""profile_id"": ""account_10_7c280d1d4b3d"", ""categories"": [""Shoes""], ""brands"": [], ""colors"": [""black""], ""materials"": [], ""sizes"": [], ""occasions"": [], ""minimum_price"": null, ""maximum_price"": null, ""currency"": ""USD"", ""destination"": null, ""timeframe"": null, ""top_brand_mode"": false, ""active_request_text"": ""Shoes in black"", ""memory_version"": ""active_request_memory_v1"", ""_pending_bridge_version"": ""chat_pending_bridge_v1""}",I understood your shopping request.  - Product: Shoes - Colour: black - Maximum price: flexible  I found 10 exact matches satisfying the current constraints.  Prices are historical dataset prices and may differ from current Amazon prices.,"[""B07FXWWPN6"", ""B07D8NRTXC"", ""B0C4LT6VYD"", ""B00WQ4DIYI"", ""B0C49D8R7P"", ""B07Q2347GD"", ""B0C4LJGW26"", ""B002G9UFNK"", ""B096DWNW67"", ""B008F7E9G6""]","{""categories"": [""Shoes""], ""colors"": [""black""], ""_pending_bridge_version"": ""chat_pending_bridge_v1""}",[],PASS,,Observed behavior matched the automated diagnostic expectation.,200,4.413768,"[{""product_id"": ""B07FXWWPN6"", ""numeric_db_price"": 29.71, ""reconstructed_card_price"": null, ""price_display"": null}, {""product_id"": ""B07D8NRTXC"", ""numeric_db_price"": 21.99, ""reconstructed_card_price"": null, ""price_display"": null}, {""product_id"": ""B0C4LT6VYD"", ""numeric_db_price"": 24.99, ""reconstructed_card_price"": null, ""price_display"": null}, {""product_id"": ""B00WQ4DIYI"", ""numeric_db_price"": 45.2, ""reconstructed_card_price"": null, ""price_display"": null}, {""product_id"": ""B0C49D8R7P"", ""numeric_db_price"": 17.99, ""reconstructed_card_price"": null, ""price_display"": null}, {""product_id"": ""B07Q2347GD"", ""numeric_db_price"": 27.9, ""reconstructed_card_price"": null, ""price_display"": null}, {""product_id"": ""B0C4LJGW26"", ""numeric_db_price"": 33.36, ""reconstructed_card_price"": null, ""price_display"": null}, {""product_id"": ""B002G9UFNK"", ""numeric_db_price"": 8.85, ""reconstructed_card_price"": null, ""price_display"": null}, {""product_id"": ""B096DWNW67"", ""numeric_db_price"": 55.99, ""reconstructed_card_price"": null, ""price_display"": null}, {""product_id"": ""B008F7E9G6"", ""numeric_db_price"": 27.98, ""reconstructed_card_price"": null, ""price_display"": null}]"
S029,CONSTRAINT_RELAXATION,114,2,Any colour is fine.,Clear only the colour constraint.,{},"{""profile_id"": ""account_10_7c280d1d4b3d"", ""categories"": [""Shoes""], ""brands"": [], ""colors"": [""black""], ""materials"": [], ""sizes"": [], ""occasions"": [], ""minimum_price"": null, ""maximum_price"": null, ""currency"": ""USD"", ""destination"": null, ""timeframe"": null, ""top_brand_mode"": false, ""active_request_text"": ""Shoes in black"", ""memory_version"": ""active_request_memory_v1"", ""_pending_bridge_version"": ""chat_pending_bridge_v1""}",I updated your previous shopping request.  - Product: Shoes - Colour: black - Maximum price: flexible  I found 10 exact matches satisfying the current constraints.  Prices are historical dataset prices and may differ from current Amazon prices.,"[""B07FXWWPN6"", ""B07D8NRTXC"", ""B0C4LT6VYD"", ""B00WQ4DIYI"", ""B0C49D8R7P"", ""B07Q2347GD"", ""B0C4LJGW26"", ""B002G9UFNK"", ""B096DWNW67"", ""B008F7E9G6""]","{""categories"": [""Shoes""], ""colors"": [""black""], ""_pending_bridge_version"": ""chat_pending_bridge_v1""}",[],FAIL,STATE_MEMORY,Named constraint colors was not cleared.,200,4.1978,"[{""product_id"": ""B07FXWWPN6"", ""numeric_db_price"": 29.71, ""reconstructed_card_price"": null, ""price_display"": null}, {""product_id"": ""B07D8NRTXC"", ""numeric_db_price"": 21.99, ""reconstructed_card_price"": null, ""price_display"": null}, {""product_id"": ""B0C4LT6VYD"", ""numeric_db_price"": 24.99, ""reconstructed_card_price"": null, ""price_display"": null}, {""product_id"": ""B00WQ4DIYI"", ""numeric_db_price"": 45.2, ""reconstructed_card_price"": null, ""price_display"": null}, {""product_id"": ""B0C49D8R7P"", ""numeric_db_price"": 17.99, ""reconstructed_card_price"": null, ""price_display"": null}, {""product_id"": ""B07Q2347GD"", ""numeric_db_price"": 27.9, ""reconstructed_card_price"": null, ""price_display"": null}, {""product_id"": ""B0C4LJGW26"", ""numeric_db_price"": 33.36, ""reconstructed_card_price"": null, ""price_display"": null}, {""product_id"": ""B002G9UFNK"", ""numeric_db_price"": 8.85, ""reconstructed_card_price"": null, ""price_display"": null}, {""product_id"": ""B096DWNW67"", ""numeric_db_price"": 55.99, ""reconstructed_card_price"": null, ""price_display"": null}, {""product_id"": ""B008F7E9G6"", ""numeric_db_price"": 27.98, ""reconstructed_card_price"": null, ""price_display"": null}]"
S030,CONSTRAINT_RELAXATION,115,1,Show me Nike shoes.,Clear only the brand constraint.,{},"{""profile_id"": ""account_10_7c280d1d4b3d"", ""categories"": [""Shoes""], ""brands"": [""Nike""], ""colors"": [], ""materials"": [], ""sizes"": [], ""occasions"": [], ""minimum_price"": null, ""maximum_price"": null, ""currency"": ""USD"", ""destination"": null, ""timeframe"": null, ""top_brand_mode"": false, ""active_request_text"": ""Shoes from Nike"", ""memory_version"": ""active_request_memory_v1"", ""_pending_bridge_version"": ""chat_pending_bridge_v1""}",I understood your shopping request.  - Product: Shoes - Brand: Nike - Maximum price: flexible  I found 10 exact matches satisfying the current constraints.  Prices are historical dataset prices and may differ from current Amazon prices.,"[""B07RJTN4CS"", ""B01D3MS79W"", ""B0753J399N"", ""B01HZR3P02"", ""B078H9Z1S5"", ""B01MRC85DW"", ""B08XX28VQ9"", ""B00P927FTI"", ""B01LWRFXMD"", ""B01MUHRR8I""]","{""categories"": [""Shoes""], ""brands"": [""Nike""], ""_pending_bridge_version"": ""chat_pending_bridge_v1""}",[],PASS,,Observed behavior matched the automated diagnostic expectation.,200,1.984011,"[{""product_id"": ""B07RJTN4CS"", ""numeric_db_price"": 74.99, ""reconstructed_card_price"": null, ""price_display"": null}, {""product_id"": ""B01D3MS79W"", ""numeric_db_price"": 29.76, ""reconstructed_card_price"": null, ""price_display"": null}, {""product_id"": ""B0753J399N"", ""numeric_db_price"": 44.0, ""reconstructed_card_price"": null, ""price_display"": null}, {""product_id"": ""B01HZR3P02"", ""numeric_db_price"": 99.0, ""reconstructed_card_price"": null, ""price_display"": null}, {""product_id"": ""B078H9Z1S5"", ""numeric_db_price"": 103.59, ""reconstructed_card_price"": null, ""price_display"": null}, {""product_id"": ""B01MRC85DW"", ""numeric_db_price"": 73.93, ""reconstructed_card_price"": null, ""price_display"": null}, {""product_id"": ""B08XX28VQ9"", ""numeric_db_price"": 34.99, ""reconstructed_card_price"": null, ""price_display"": null}, {""product_id"": ""B00P927FTI"", ""numeric_db_price"": 105.97, ""reconstructed_card_price"": null, ""price_display"": null}, {""product_id"": ""B01LWRFXMD"", ""numeric_db_price"": 197.5, ""reconstructed_card_price"": null, ""price_display"": null}, {""product_id"": ""B01MUHRR8I"", ""numeric_db_price"": 69.95, ""reconstructed_card_price"": null, ""price_display"": null}]"
S030,CONSTRAINT_RELAXATION,115,2,Any brand is okay.,Clear only the brand constraint.,{},"{""profile_id"": ""account_10_7c280d1d4b3d"", ""categories"": [""Shoes""], ""brands"": [""Nike""], ""colors"": [], ""materials"": [], ""sizes"": [], ""occasions"": [], ""minimum_price"": null, ""maximum_price"": null, ""currency"": ""USD"", ""destination"": null, ""timeframe"": null, ""top_brand_mode"": false, ""active_request_text"": ""Shoes from Nike"", ""memory_version"": ""active_request_memory_v1"", ""_pending_bridge_version"": ""chat_pending_bridge_v1""}",I updated your previous shopping request.  - Product: Shoes - Brand: Nike - Maximum price: flexible  I found 10 exact matches satisfying the current constraints.  Prices are historical dataset prices and may differ from current Amazon prices.,"[""B07RJTN4CS"", ""B01D3MS79W"", ""B0753J399N"", ""B01HZR3P02"", ""B078H9Z1S5"", ""B01MRC85DW"", ""B08XX28VQ9"", ""B00P927FTI"", ""B01LWRFXMD"", ""B01MUHRR8I""]","{""categories"": [""Shoes""], ""brands"": [""Nike""], ""_pending_bridge_version"": ""chat_pending_bridge_v1""}",[],FAIL,STATE_MEMORY,Named constraint brands was not cleared.,200,1.968866,"[{""product_id"": ""B07RJTN4CS"", ""numeric_db_price"": 74.99, ""reconstructed_card_price"": null, ""price_display"": null}, {""product_id"": ""B01D3MS79W"", ""numeric_db_price"": 29.76, ""reconstructed_card_price"": null, ""price_display"": null}, {""product_id"": ""B0753J399N"", ""numeric_db_price"": 44.0, ""reconstructed_card_price"": null, ""price_display"": null}, {""product_id"": ""B01HZR3P02"", ""numeric_db_price"": 99.0, ""reconstructed_card_price"": null, ""price_display"": null}, {""product_id"": ""B078H9Z1S5"", ""numeric_db_price"": 103.59, ""reconstructed_card_price"": null, ""price_display"": null}, {""product_id"": ""B01MRC85DW"", ""numeric_db_price"": 73.93, ""reconstructed_card_price"": null, ""price_display"": null}, {""product_id"": ""B08XX28VQ9"", ""numeric_db_price"": 34.99, ""reconstructed_card_price"": null, ""price_display"": null}, {""product_id"": ""B00P927FTI"", ""numeric_db_price"": 105.97, ""reconstructed_card_price"": null, ""price_display"": null}, {""product_id"": ""B01LWRFXMD"", ""numeric_db_price"": 197.5, ""reconstructed_card_price"": null, ""price_display"": null}, {""product_id"": ""B01MUHRR8I"", ""numeric_db_price"": 69.95, ""reconstructed_card_price"": null, ""price_display"": null}]"
S031,CONSTRAINT_RELAXATION,116,1,Show me shoes under $50.,Clear only price constraints.,{},"{""profile_id"": ""account_10_7c280d1d4b3d"", ""categories"": [""Shoes""], ""brands"": [], ""colors"": [], ""materials"": [], ""sizes"": [], ""occasions"": [], ""minimum_price"": null, ""maximum_price"": 50.0, ""currency"": ""USD"", ""destination"": null, ""timeframe"": null, ""top_brand_mode"": false, ""active_request_text"": ""Shoes under $50"", ""memory_version"": ""active_request_memory_v1"", ""_pending_bridge_version"": ""chat_pending_bridge_v1""}",I understood your shopping request.  - Product: Shoes - Maximum price: $50  I found 10 exact matches satisfying the current constraints.  Prices are historical dataset prices and may differ from current Amazon prices.,"[""B07BZGVBF7"", ""B08134XNNB"", ""B00DJSRER2"", ""B09DTQXJDP"", ""B07W5J6XMP"", ""B0922DBSLN"", ""B07JPYSNDP"", ""B0BYNY3FQR"", ""B09M74TRNM"", ""B00Q2JC290""]","{""categories"": [""Shoes""], ""maximum_price"": 50.0, ""_pending_bridge_version"": ""chat_pending_bridge_v1""}",[],PASS,,Observed behavior matched the automated diagnostic expectation.,200,2.325299,"[{""product_id"": ""B07BZGVBF7"", ""numeric_db_price"": 31.62, ""reconstructed_card_price"": null, ""price_display"": null}, {""product_id"": ""B08134XNNB"", ""numeric_db_price"": 34.99, ""reconstructed_card_price"": null, ""price_display"": null}, {""product_id"": ""B00DJSRER2"", ""numeric_db_price"": 45.0, ""reconstructed_card_price"": null, ""price_display"": null}, {""product_id"": ""B09DTQXJDP"", ""numeric_db_price"": 23.99, ""reconstructed_card_price"": null, ""price_display"": null}, {""product_id"": ""B07W5J6XMP"", ""numeric_db_price"": 39.99, ""reconstructed_card_price"": null, ""price_display"": null}, {""product_id"": ""B0922DBSLN"", ""numeric_db_price"": 49.95, ""reconstructed_card_price"": null, ""price_display"": null}, {""product_id"": ""B07JPYSNDP"", ""numeric_db_price"": 11.99, ""reconstructed_card_price"": null, ""price_display"": null}, {""product_id"": ""B0BYNY3FQR"", ""numeric_db_price"": 42.9, ""reconstructed_card_price"": null, ""price_display"": null}, {""product_id"": ""B09M74TRNM"", ""numeric_db_price"": 38.99, ""reconstructed_card_price"": null, ""price_display"": null}, {""product_id"": ""B00Q2JC290"", ""numeric_db_price"": 39.99, ""reconstructed_card_price"": null, ""price_display"": null}]"
S031,CONSTRAINT_RELAXATION,116,2,Ignore the price.,Clear only price constraints.,{},"{""profile_id"": ""account_10_7c280d1d4b3d"", ""categories"": [""Shoes""], ""brands"": [], ""colors"": [], ""materials"": [], ""sizes"": [], ""occasions"": [], ""minimum_price"": null, ""maximum_price"": 50.0, ""currency"": ""USD"", ""destination"": null, ""timeframe"": null, ""top_brand_mode"": false, ""active_request_text"": ""Shoes under $50"", ""memory_version"": ""active_request_memory_v1"", ""_pending_bridge_version"": ""chat_pending_bridge_v1""}",I updated your previous shopping request.  - Product: Shoes - Maximum price: $50  I found 10 exact matches satisfying the current constraints.  Prices are historical dataset prices and may differ from current Amazon prices.,"[""B07BZGVBF7"", ""B08134XNNB"", ""B00DJSRER2"", ""B09DTQXJDP"", ""B07W5J6XMP"", ""B0922DBSLN"", ""B07JPYSNDP"", ""B0BYNY3FQR"", ""B09M74TRNM"", ""B00Q2JC290""]","{""categories"": [""Shoes""], ""maximum_price"": 50.0, ""_pending_bridge_version"": ""chat_pending_bridge_v1""}",[],FAIL,STATE_MEMORY,Named constraint maximum_price was not cleared.,200,2.572495,"[{""product_id"": ""B07BZGVBF7"", ""numeric_db_price"": 31.62, ""reconstructed_card_price"": null, ""price_display"": null}, {""product_id"": ""B08134XNNB"", ""numeric_db_price"": 34.99, ""reconstructed_card_price"": null, ""price_display"": null}, {""product_id"": ""B00DJSRER2"", ""numeric_db_price"": 45.0, ""reconstructed_card_price"": null, ""price_display"": null}, {""product_id"": ""B09DTQXJDP"", ""numeric_db_price"": 23.99, ""reconstructed_card_price"": null, ""price_display"": null}, {""product_id"": ""B07W5J6XMP"", ""numeric_db_price"": 39.99, ""reconstructed_card_price"": null, ""price_display"": null}, {""product_id"": ""B0922DBSLN"", ""numeric_db_price"": 49.95, ""reconstructed_card_price"": null, ""price_display"": null}, {""product_id"": ""B07JPYSNDP"", ""numeric_db_price"": 11.99, ""reconstructed_card_price"": null, ""price_display"": null}, {""product_id"": ""B0BYNY3FQR"", ""numeric_db_price"": 42.9, ""reconstructed_card_price"": null, ""price_display"": null}, {""product_id"": ""B09M74TRNM"", ""numeric_db_price"": 38.99, ""reconstructed_card_price"": null, ""price_display"": null}, {""product_id"": ""B00Q2JC290"", ""numeric_db_price"": 39.99, ""reconstructed_card_price"": null, ""price_display"": null}]"
S032,CONSTRAINT_RELAXATION,117,1,Show me Nike shoes.,Clear only the Nike brand constraint.,{},"{""profile_id"": ""account_10_7c280d1d4b3d"", ""categories"": [""Shoes""], ""brands"": [""Nike""], ""colors"": [], ""materials"": [], ""sizes"": [], ""occasions"": [], ""minimum_price"": null, ""maximum_price"": null, ""currency"": ""USD"", ""destination"": null, ""timeframe"": null, ""top_brand_mode"": false, ""active_request_text"": ""Shoes from Nike"", ""memory_version"": ""active_request_memory_v1"", ""_pending_bridge_version"": ""chat_pending_bridge_v1""}",I understood your shopping request.  - Product: Shoes - Brand: Nike - Maximum price: flexible  I found 10 exact matches satisfying the current constraints.  Prices are historical dataset prices and may differ from current Amazon prices.,"[""B07RJTN4CS"", ""B01D3MS79W"", ""B0753J399N"", ""B01HZR3P02"", ""B078H9Z1S5"", ""B01MRC85DW"", ""B08XX28VQ9"", ""B00P927FTI"", ""B01LWRFXMD"", ""B01MUHRR8I""]","{""categories"": [""Shoes""], ""brands"": [""Nike""], ""_pending_bridge_version"": ""chat_pending_bridge_v1""}",[],PASS,,Observed behavior matched the automated diagnostic expectation.,200,3.300916,"[{""product_id"": ""B07RJTN4CS"", ""numeric_db_price"": 74.99, ""reconstructed_card_price"": null, ""price_display"": null}, {""product_id"": ""B01D3MS79W"", ""numeric_db_price"": 29.76, ""reconstructed_card_price"": null, ""price_display"": null}, {""product_id"": ""B0753J399N"", ""numeric_db_price"": 44.0, ""reconstructed_card_price"": null, ""price_display"": null}, {""product_id"": ""B01HZR3P02"", ""numeric_db_price"": 99.0, ""reconstructed_card_price"": null, ""price_display"": null}, {""product_id"": ""B078H9Z1S5"", ""numeric_db_price"": 103.59, ""reconstructed_card_price"": null, ""price_display"": null}, {""product_id"": ""B01MRC85DW"", ""numeric_db_price"": 73.93, ""reconstructed_card_price"": null, ""price_display"": null}, {""product_id"": ""B08XX28VQ9"", ""numeric_db_price"": 34.99, ""reconstructed_card_price"": null, ""price_display"": null}, {""product_id"": ""B00P927FTI"", ""numeric_db_price"": 105.97, ""reconstructed_card_price"": null, ""price_display"": null}, {""product_id"": ""B01LWRFXMD"", ""numeric_db_price"": 197.5, ""reconstructed_card_price"": null, ""price_display"": null}, {""product_id"": ""B01MUHRR8I"", ""numeric_db_price"": 69.95, ""reconstructed_card_price"": null, ""price_display"": null}]"
S032,CONSTRAINT_RELAXATION,117,2,It doesn't have to be Nike.,Clear only the Nike brand constraint.,{},"{""profile_id"": ""account_10_7c280d1d4b3d"", ""categories"": [""Shoes""], ""brands"": [""Nike""], ""colors"": [], ""materials"": [], ""sizes"": [], ""occasions"": [], ""minimum_price"": null, ""maximum_price"": null, ""currency"": ""USD"", ""destination"": null, ""timeframe"": null, ""top_brand_mode"": false, ""active_request_text"": ""Shoes from Nike"", ""memory_version"": ""active_request_memory_v1"", ""_pending_bridge_version"": ""chat_pending_bridge_v1""}",I updated your previous shopping request.  - Product: Shoes - Brand: Nike - Maximum price: flexible  I found 10 exact matches satisfying the current constraints.  Prices are historical dataset prices and may differ from current Amazon prices.,"[""B07RJTN4CS"", ""B01D3MS79W"", ""B0753J399N"", ""B01HZR3P02"", ""B078H9Z1S5"", ""B01MRC85DW"", ""B08XX28VQ9"", ""B00P927FTI"", ""B01LWRFXMD"", ""B01MUHRR8I""]","{""categories"": [""Shoes""], ""brands"": [""Nike""], ""_pending_bridge_version"": ""chat_pending_bridge_v1""}",[],FAIL,STATE_MEMORY,Named constraint brands was not cleared.,200,2.695546,"[{""product_id"": ""B07RJTN4CS"", ""numeric_db_price"": 74.99, ""reconstructed_card_price"": null, ""price_display"": null}, {""product_id"": ""B01D3MS79W"", ""numeric_db_price"": 29.76, ""reconstructed_card_price"": null, ""price_display"": null}, {""product_id"": ""B0753J399N"", ""numeric_db_price"": 44.0, ""reconstructed_card_price"": null, ""price_display"": null}, {""product_id"": ""B01HZR3P02"", ""numeric_db_price"": 99.0, ""reconstructed_card_price"": null, ""price_display"": null}, {""product_id"": ""B078H9Z1S5"", ""numeric_db_price"": 103.59, ""reconstructed_card_price"": null, ""price_display"": null}, {""product_id"": ""B01MRC85DW"", ""numeric_db_price"": 73.93, ""reconstructed_card_price"": null, ""price_display"": null}, {""product_id"": ""B08XX28VQ9"", ""numeric_db_price"": 34.99, ""reconstructed_card_price"": null, ""price_display"": null}, {""product_id"": ""B00P927FTI"", ""numeric_db_price"": 105.97, ""reconstructed_card_price"": null, ""price_display"": null}, {""product_id"": ""B01LWRFXMD"", ""numeric_db_price"": 197.5, ""reconstructed_card_price"": null, ""price_display"": null}, {""product_id"": ""B01MUHRR8I"", ""numeric_db_price"": 69.95, ""reconstructed_card_price"": null, ""price_display"": null}]"
S033,NEGATIVE_CONSTRAINTS,118,1,Show me shoes but not Nike.,Understand Nike as an exclusion rather than a positive brand filter.,{},"{""profile_id"": ""account_10_7c280d1d4b3d"", ""categories"": [""Shoes""], ""brands"": [], ""colors"": [], ""materials"": [], ""sizes"": [], ""occasions"": [], ""minimum_price"": null, ""maximum_price"": null, ""currency"": ""USD"", ""destination"": null, ""timeframe"": null, ""top_brand_mode"": false, ""active_request_text"": ""Shoes"", ""memory_version"": ""active_request_memory_v1"", ""_pending_bridge_version"": ""chat_pending_bridge_v1""}",I understood your shopping request.  - Product: Shoes - Maximum price: flexible  I found 10 exact matches satisfying the current constraints.  Prices are historical dataset prices and may differ from current Amazon prices.,"[""B07BZGVBF7"", ""B08134XNNB"", ""B00DJSRER2"", ""B09DTQXJDP"", ""B07W5J6XMP"", ""B01M17LSEE"", ""B0922DBSLN"", ""B07JPYSNDP"", ""B0BYNY3FQR"", ""B00Q4V24RQ""]","{""categories"": [""Shoes""], ""_pending_bridge_version"": ""chat_pending_bridge_v1""}",[],FAIL,PARSER,Negative brand exclusion was ignored; no exclusion state was stored or acknowledged.,200,3.157513,"[{""product_id"": ""B07BZGVBF7"", ""numeric_db_price"": 31.62, ""reconstructed_card_price"": null, ""price_display"": null}, {""product_id"": ""B08134XNNB"", ""numeric_db_price"": 34.99, ""reconstructed_card_price"": null, ""price_display"": null}, {""product_id"": ""B00DJSRER2"", ""numeric_db_price"": 45.0, ""reconstructed_card_price"": null, ""price_display"": null}, {""product_id"": ""B09DTQXJDP"", ""numeric_db_price"": 23.99, ""reconstructed_card_price"": null, ""price_display"": null}, {""product_id"": ""B07W5J6XMP"", ""numeric_db_price"": 39.99, ""reconstructed_card_price"": null, ""price_display"": null}, {""product_id"": ""B01M17LSEE"", ""numeric_db_price"": 127.24, ""reconstructed_card_price"": null, ""price_display"": null}, {""product_id"": ""B0922DBSLN"", ""numeric_db_price"": 49.95, ""reconstructed_card_price"": null, ""price_display"": null}, {""product_id"": ""B07JPYSNDP"", ""numeric_db_price"": 11.99, ""reconstructed_card_price"": null, ""price_display"": null}, {""product_id"": ""B0BYNY3FQR"", ""numeric_db_price"": 42.9, ""reconstructed_card_price"": null, ""price_display"": null}, {""product_id"": ""B00Q4V24RQ"", ""numeric_db_price"": 57.95, ""reconstructed_card_price"": null, ""price_display"": null}]"
S034,NEGATIVE_CONSTRAINTS,119,1,Show me t-shirts. Anything except red.,Understand red as an exclusion.,{},"{""profile_id"": ""account_10_7c280d1d4b3d"", ""categories"": [""T-Shirts"", ""Shirts""], ""brands"": [], ""colors"": [""red""], ""materials"": [], ""sizes"": [], ""occasions"": [], ""minimum_price"": null, ""maximum_price"": null, ""currency"": ""USD"", ""destination"": null, ""timeframe"": null, ""top_brand_mode"": false, ""active_request_text"": ""T-Shirts Shirts in red"", ""memory_version"": ""active_request_memory_v1"", ""_pending_bridge_version"": ""chat_pending_bridge_v1""}","I understood your shopping request.  - Product: T-Shirts, Shirts - Colour: red - Maximum price: flexible  I found 10 exact matches satisfying the current constraints.  Prices are historical dataset prices and may differ from current Amazon prices.","[""B0BLZY8SPJ"", ""B07B4FMN9C"", ""B08R3HJTCG"", ""B00SXBTPUY"", ""B07JNQPBKP"", ""B07NC2PXHY"", ""B00SUMQHYS"", ""B0BS39GD55"", ""B09XFRYSYD"", ""B00O972ZAI""]","{""categories"": [""T-Shirts"", ""Shirts""], ""colors"": [""red""], ""_pending_bridge_version"": ""chat_pending_bridge_v1""}",[],FAIL,PARSER,Negative constraint appears as a positive active constraint.,200,4.981718,"[{""product_id"": ""B0BLZY8SPJ"", ""numeric_db_price"": 49.36, ""reconstructed_card_price"": null, ""price_display"": null}, {""product_id"": ""B07B4FMN9C"", ""numeric_db_price"": 21.98, ""reconstructed_card_price"": null, ""price_display"": null}, {""product_id"": ""B08R3HJTCG"", ""numeric_db_price"": 25.01, ""reconstructed_card_price"": null, ""price_display"": null}, {""product_id"": ""B00SXBTPUY"", ""numeric_db_price"": 19.99, ""reconstructed_card_price"": null, ""price_display"": null}, {""product_id"": ""B07JNQPBKP"", ""numeric_db_price"": 21.98, ""reconstructed_card_price"": null, ""price_display"": null}, {""product_id"": ""B07NC2PXHY"", ""numeric_db_price"": 29.99, ""reconstructed_card_price"": null, ""price_display"": null}, {""product_id"": ""B00SUMQHYS"", ""numeric_db_price"": 34.99, ""reconstructed_card_price"": null, ""price_display"": null}, {""product_id"": ""B0BS39GD55"", ""numeric_db_price"": 34.99, ""reconstructed_card_price"": null, ""price_display"": null}, {""product_id"": ""B09XFRYSYD"", ""numeric_db_price"": 14.85, ""reconstructed_card_price"": null, ""price_display"": null}, {""product_id"": ""B00O972ZAI"", ""numeric_db_price"": 18.36, ""reconstructed_card_price"": null, ""price_display"": null}]"
S035,NEGATIVE_CONSTRAINTS,120,1,Show me shoes. No adidas.,Understand adidas as an exclusion.,{},"{""profile_id"": ""account_10_7c280d1d4b3d"", ""categories"": [""Shoes""], ""brands"": [], ""colors"": [], ""materials"": [], ""sizes"": [], ""occasions"": [], ""minimum_price"": null, ""maximum_price"": null, ""currency"": ""USD"", ""destination"": null, ""timeframe"": null, ""top_brand_mode"": false, ""active_request_text"": ""Shoes"", ""memory_version"": ""active_request_memory_v1"", ""_pending_bridge_version"": ""chat_pending_bridge_v1""}",I understood your shopping request.  - Product: Shoes - Maximum price: flexible  I found 10 exact matches satisfying the current constraints.  Prices are historical dataset prices and may differ from current Amazon prices.,"[""B07BZGVBF7"", ""B08134XNNB"", ""B00DJSRER2"", ""B09DTQXJDP"", ""B07W5J6XMP"", ""B01M17LSEE"", ""B0922DBSLN"", ""B07JPYSNDP"", ""B0BYNY3FQR"", ""B00Q4V24RQ""]","{""categories"": [""Shoes""], ""_pending_bridge_version"": ""chat_pending_bridge_v1""}",[],FAIL,PARSER,Negative brand exclusion was ignored; no exclusion state was stored or acknowledged.,200,3.189141,"[{""product_id"": ""B07BZGVBF7"", ""numeric_db_price"": 31.62, ""reconstructed_card_price"": null, ""price_display"": null}, {""product_id"": ""B08134XNNB"", ""numeric_db_price"": 34.99, ""reconstructed_card_price"": null, ""price_display"": null}, {""product_id"": ""B00DJSRER2"", ""numeric_db_price"": 45.0, ""reconstructed_card_price"": null, ""price_display"": null}, {""product_id"": ""B09DTQXJDP"", ""numeric_db_price"": 23.99, ""reconstructed_card_price"": null, ""price_display"": null}, {""product_id"": ""B07W5J6XMP"", ""numeric_db_price"": 39.99, ""reconstructed_card_price"": null, ""price_display"": null}, {""product_id"": ""B01M17LSEE"", ""numeric_db_price"": 127.24, ""reconstructed_card_price"": null, ""price_display"": null}, {""product_id"": ""B0922DBSLN"", ""numeric_db_price"": 49.95, ""reconstructed_card_price"": null, ""price_display"": null}, {""product_id"": ""B07JPYSNDP"", ""numeric_db_price"": 11.99, ""reconstructed_card_price"": null, ""price_display"": null}, {""product_id"": ""B0BYNY3FQR"", ""numeric_db_price"": 42.9, ""reconstructed_card_price"": null, ""price_display"": null}, {""product_id"": ""B00Q4V24RQ"", ""numeric_db_price"": 57.95, ""reconstructed_card_price"": null, ""price_display"": null}]"
S036,NEGATIVE_CONSTRAINTS,121,1,Show me jackets. I don't want black.,Understand black as an exclusion.,{},"{""profile_id"": ""account_10_7c280d1d4b3d"", ""categories"": [""Jackets""], ""brands"": [], ""colors"": [""black""], ""materials"": [], ""sizes"": [], ""occasions"": [], ""minimum_price"": null, ""maximum_price"": null, ""currency"": ""USD"", ""destination"": null, ""timeframe"": null, ""top_brand_mode"": false, ""active_request_text"": ""Jackets in black"", ""memory_version"": ""active_request_memory_v1"", ""_pending_bridge_version"": ""chat_pending_bridge_v1""}",I understood your shopping request.  - Product: Jackets - Colour: black - Maximum price: flexible  I found 10 exact matches satisfying the current constraints.  Prices are historical dataset prices and may differ from current Amazon prices.,"[""B09ZBCPPSG"", ""B07H2Y3N8Q"", ""B01CSC6OJI"", ""B00O70UZ3Q"", ""B07TTLS3JM"", ""B07K1ZWSV9"", ""B07G64NZMK"", ""B07S2JVPHP"", ""B07CPR4L5P"", ""B07J4RHXMM""]","{""categories"": [""Jackets""], ""colors"": [""black""], ""_pending_bridge_version"": ""chat_pending_bridge_v1""}",[],FAIL,PARSER,Negative constraint appears as a positive active constraint.,200,4.808008,"[{""product_id"": ""B09ZBCPPSG"", ""numeric_db_price"": 9.57, ""reconstructed_card_price"": null, ""price_display"": null}, {""product_id"": ""B07H2Y3N8Q"", ""numeric_db_price"": 39.99, ""reconstructed_card_price"": null, ""price_display"": null}, {""product_id"": ""B01CSC6OJI"", ""numeric_db_price"": 39.99, ""reconstructed_card_price"": null, ""price_display"": null}, {""product_id"": ""B00O70UZ3Q"", ""numeric_db_price"": 38.89, ""reconstructed_card_price"": null, ""price_display"": null}, {""product_id"": ""B07TTLS3JM"", ""numeric_db_price"": 32.99, ""reconstructed_card_price"": null, ""price_display"": null}, {""product_id"": ""B07K1ZWSV9"", ""numeric_db_price"": 59.99, ""reconstructed_card_price"": null, ""price_display"": null}, {""product_id"": ""B07G64NZMK"", ""numeric_db_price"": 23.99, ""reconstructed_card_price"": null, ""price_display"": null}, {""product_id"": ""B07S2JVPHP"", ""numeric_db_price"": 69.98, ""reconstructed_card_price"": null, ""price_display"": null}, {""product_id"": ""B07CPR4L5P"", ""numeric_db_price"": 53.98, ""reconstructed_card_price"": null, ""price_display"": null}, {""product_id"": ""B07J4RHXMM"", ""numeric_db_price"": 56.9, ""reconstructed_card_price"": null, ""price_display"": null}]"
S037,NEW_SHOPPING_GOAL,122,1,Show me black Nike shoes under $80.,"A genuine watch goal drops irrelevant shoe, black, Nike, and $80 constraints.",{},"{""profile_id"": ""account_10_7c280d1d4b3d"", ""categories"": [""Shoes""], ""brands"": [""Nike""], ""colors"": [""black""], ""materials"": [], ""sizes"": [], ""occasions"": [], ""minimum_price"": null, ""maximum_price"": 80.0, ""currency"": ""USD"", ""destination"": null, ""timeframe"": null, ""top_brand_mode"": false, ""active_request_text"": ""Shoes from Nike in black under $80"", ""memory_version"": ""active_request_memory_v1"", ""_pending_bridge_version"": ""chat_pending_bridge_v1""}","I understood your shopping request.  - Product: Shoes - Brand: Nike - Colour: black - Maximum price: $80  I found 3 exact matches. I did not add unrelated products to reach 10 recommendations.  To see more results, you can increase the maximum budget, allow additional colours, or allow additional brands.  Prices are historical dataset prices and may differ from current Amazon prices.","[""B08XX28VQ9"", ""B0B2TB19C3"", ""B0090HCJOY""]","{""categories"": [""Shoes""], ""brands"": [""Nike""], ""colors"": [""black""], ""maximum_price"": 80.0, ""_pending_bridge_version"": ""chat_pending_bridge_v1""}",[],PASS,,Observed behavior matched the automated diagnostic expectation.,200,4.156863,"[{""product_id"": ""B08XX28VQ9"", ""numeric_db_price"": 34.99, ""reconstructed_card_price"": null, ""price_display"": null}, {""product_id"": ""B0B2TB19C3"", ""numeric_db_price"": 78.99, ""reconstructed_card_price"": null, ""price_display"": null}, {""product_id"": ""B0090HCJOY"", ""numeric_db_price"": 62.45, ""reconstructed_card_price"": null, ""price_display"": null}]"
S037,NEW_SHOPPING_GOAL,122,2,Now I need a watch.,"A genuine watch goal drops irrelevant shoe, black, Nike, and $80 constraints.",{},"{""profile_id"": ""account_10_7c280d1d4b3d"", ""categories"": [""Watches""], ""brands"": [""Nike""], ""colors"": [""black""], ""materials"": [], ""sizes"": [], ""occasions"": [], ""minimum_price"": null, ""maximum_price"": 80.0, ""currency"": ""USD"", ""destination"": null, ""timeframe"": null, ""top_brand_mode"": false, ""active_request_text"": ""Watches from Nike in black under $80"", ""memory_version"": ""active_request_memory_v1"", ""_pending_bridge_version"": ""chat_pending_bridge_v1""}","I updated your previous shopping request.  - Product: Watches - Brand: Nike - Colour: black - Maximum price: $80  I found no exact matches satisfying all of these constraints. I did not add unrelated products.  To see more results, you can increase the maximum budget, allow additional colours, or allow additional brands.  Prices are historical dataset prices and may differ from current Amazon prices.",[],"{""categories"": [""Watches""], ""brands"": [""Nike""], ""colors"": [""black""], ""maximum_price"": 80.0, ""_pending_bridge_version"": ""chat_pending_bridge_v1""}",[],FAIL,STATE_MEMORY,"Stale new-goal constraints retained: black, nike, 80",200,3.475557,[]
S038,NEW_SHOPPING_GOAL,123,1,Show me red adidas t-shirts under $40.,"A genuine jacket goal drops obsolete shirt, red, adidas, and $40 constraints.",{},"{""profile_id"": ""account_10_7c280d1d4b3d"", ""categories"": [""T-Shirts"", ""Shirts""], ""brands"": [""adidas""], ""colors"": [""red""], ""materials"": [], ""sizes"": [], ""occasions"": [], ""minimum_price"": null, ""maximum_price"": 40.0, ""currency"": ""USD"", ""destination"": null, ""timeframe"": null, ""top_brand_mode"": false, ""active_request_text"": ""T-Shirts Shirts from adidas in red under $40"", ""memory_version"": ""active_request_memory_v1"", ""_pending_bridge_version"": ""chat_pending_bridge_v1""}","I understood your shopping request.  - Product: T-Shirts, Shirts - Brand: adidas - Colour: red - Maximum price: $40  I found no exact matches satisfying all of these constraints. I did not add unrelated products.  To see more results, you can increase the maximum budget, allow additional colours, or allow additional brands.  Prices are historical dataset prices and may differ from current Amazon prices.",[],"{""categories"": [""T-Shirts"", ""Shirts""], ""brands"": [""adidas""], ""colors"": [""red""], ""maximum_price"": 40.0, ""_pending_bridge_version"": ""chat_pending_bridge_v1""}",[],PASS,,Observed behavior matched the automated diagnostic expectation.,200,4.120989,[]
S038,NEW_SHOPPING_GOAL,123,2,"Actually forget the shirts, I need a jacket.","A genuine jacket goal drops obsolete shirt, red, adidas, and $40 constraints.",{},"{""profile_id"": ""account_10_7c280d1d4b3d"", ""categories"": [""Jackets"", ""Shirts""], ""brands"": [""adidas""], ""colors"": [""red""], ""materials"": [], ""sizes"": [], ""occasions"": [], ""minimum_price"": null, ""maximum_price"": 40.0, ""currency"": ""USD"", ""destination"": null, ""timeframe"": null, ""top_brand_mode"": false, ""active_request_text"": ""Jackets Shirts from adidas in red under $40"", ""memory_version"": ""active_request_memory_v1"", ""_pending_bridge_version"": ""chat_pending_bridge_v1""}","I updated your previous shopping request.  - Product: Jackets, Shirts - Brand: adidas - Colour: red - Maximum price: $40  I found no exact matches satisfying all of these constraints. I did not add unrelated products.  To see more results, you can increase the maximum budget, allow additional colours, or allow additional brands.  Prices are historical dataset prices and may differ from current Amazon prices.",[],"{""categories"": [""Jackets"", ""Shirts""], ""brands"": [""adidas""], ""colors"": [""red""], ""maximum_price"": 40.0, ""_pending_bridge_version"": ""chat_pending_bridge_v1""}",[],FAIL,STATE_MEMORY,"Stale new-goal constraints retained: red, adidas, 40",200,4.314051,[]
S039,NEW_SHOPPING_GOAL,124,1,Show me blue jackets under $100.,"A genuine shoe goal drops obsolete jacket, blue, and budget constraints.",{},"{""profile_id"": ""account_10_7c280d1d4b3d"", ""categories"": [""Jackets""], ""brands"": [], ""colors"": [""blue""], ""materials"": [], ""sizes"": [], ""occasions"": [], ""minimum_price"": null, ""maximum_price"": 100.0, ""currency"": ""USD"", ""destination"": null, ""timeframe"": null, ""top_brand_mode"": false, ""active_request_text"": ""Jackets in blue under $100"", ""memory_version"": ""active_request_memory_v1"", ""_pending_bridge_version"": ""chat_pending_bridge_v1""}",I understood your shopping request.  - Product: Jackets - Colour: blue - Maximum price: $100  I found 10 exact matches satisfying the current constraints.  Prices are historical dataset prices and may differ from current Amazon prices.,"[""B01L0KQ1WO"", ""B09ZVNV89R"", ""B01CSC6OJI"", ""B07G64NZMK"", ""B0BRJRPXMW"", ""B07J4RHXMM"", ""B0BTSZ16KL"", ""B07JQCJ5J8"", ""B09MJYVBQ3"", ""B07R8TP7HH""]","{""categories"": [""Jackets""], ""colors"": [""blue""], ""maximum_price"": 100.0, ""_pending_bridge_version"": ""chat_pending_bridge_v1""}",[],PASS,,Observed behavior matched the automated diagnostic expectation.,200,3.724306,"[{""product_id"": ""B01L0KQ1WO"", ""numeric_db_price"": 25.72, ""reconstructed_card_price"": null, ""price_display"": null}, {""product_id"": ""B09ZVNV89R"", ""numeric_db_price"": 62.65, ""reconstructed_card_price"": null, ""price_display"": null}, {""product_id"": ""B01CSC6OJI"", ""numeric_db_price"": 39.99, ""reconstructed_card_price"": null, ""price_display"": null}, {""product_id"": ""B07G64NZMK"", ""numeric_db_price"": 23.99, ""reconstructed_card_price"": null, ""price_display"": null}, {""product_id"": ""B0BRJRPXMW"", ""numeric_db_price"": 31.99, ""reconstructed_card_price"": null, ""price_display"": null}, {""product_id"": ""B07J4RHXMM"", ""numeric_db_price"": 56.9, ""reconstructed_card_price"": null, ""price_display"": null}, {""product_id"": ""B0BTSZ16KL"", ""numeric_db_price"": 42.29, ""reconstructed_card_price"": null, ""price_display"": null}, {""product_id"": ""B07JQCJ5J8"", ""numeric_db_price"": 62.99, ""reconstructed_card_price"": null, ""price_display"": null}, {""product_id"": ""B09MJYVBQ3"", ""numeric_db_price"": 29.99, ""reconstructed_card_price"": null, ""price_display"": null}, {""product_id"": ""B07R8TP7HH"", ""numeric_db_price"": 48.98, ""reconstructed_card_price"": null, ""price_display"": null}]"
S039,NEW_SHOPPING_GOAL,124,2,Now help me find shoes.,"A genuine shoe goal drops obsolete jacket, blue, and budget constraints.",{},"{""profile_id"": ""account_10_7c280d1d4b3d"", ""categories"": [""Shoes""], ""brands"": [], ""colors"": [""blue""], ""materials"": [], ""sizes"": [], ""occasions"": [], ""minimum_price"": null, ""maximum_price"": 100.0, ""currency"": ""USD"", ""destination"": null, ""timeframe"": null, ""top_brand_mode"": false, ""active_request_text"": ""Shoes in blue under $100"", ""memory_version"": ""active_request_memory_v1"", ""_pending_bridge_version"": ""chat_pending_bridge_v1""}",I updated your previous shopping request.  - Product: Shoes - Colour: blue - Maximum price: $100  I found 10 exact matches satisfying the current constraints.  Prices are historical dataset prices and may differ from current Amazon prices.,"[""B07FXWWPN6"", ""B0C4LT6VYD"", ""B09NSZ12NZ"", ""B07Q2347GD"", ""B08MV1VVKR"", ""B0714CM3ZJ"", ""B09S1FM18G"", ""B097NR2KH8"", ""B0BQHKKL2W"", ""B088TG4LQ4""]","{""categories"": [""Shoes""], ""colors"": [""blue""], ""maximum_price"": 100.0, ""_pending_bridge_version"": ""chat_pending_bridge_v1""}",[],FAIL,STATE_MEMORY,"Stale new-goal constraints retained: blue, 100",200,3.806208,"[{""product_id"": ""B07FXWWPN6"", ""numeric_db_price"": 29.71, ""reconstructed_card_price"": null, ""price_display"": null}, {""product_id"": ""B0C4LT6VYD"", ""numeric_db_price"": 24.99, ""reconstructed_card_price"": null, ""price_display"": null}, {""product_id"": ""B09NSZ12NZ"", ""numeric_db_price"": 41.53, ""reconstructed_card_price"": null, ""price_display"": null}, {""product_id"": ""B07Q2347GD"", ""numeric_db_price"": 27.9, ""reconstructed_card_price"": null, ""price_display"": null}, {""product_id"": ""B08MV1VVKR"", ""numeric_db_price"": 24.99, ""reconstructed_card_price"": null, ""price_display"": null}, {""product_id"": ""B0714CM3ZJ"", ""numeric_db_price"": 29.95, ""reconstructed_card_price"": null, ""price_display"": null}, {""product_id"": ""B09S1FM18G"", ""numeric_db_price"": 98.95, ""reconstructed_card_price"": null, ""price_display"": null}, {""product_id"": ""B097NR2KH8"", ""numeric_db_price"": 19.95, ""reconstructed_card_price"": null, ""price_display"": null}, {""product_id"": ""B0BQHKKL2W"", ""numeric_db_price"": 27.22, ""reconstructed_card_price"": null, ""price_display"": null}, {""product_id"": ""B088TG4LQ4"", ""numeric_db_price"": 32.99, ""reconstructed_card_price"": null, ""price_display"": null}]"
S040,NEW_SHOPPING_GOAL,125,1,Show me Casio watches under $80.,"A genuine t-shirt goal drops obsolete watch, Casio, and budget constraints.",{},"{""profile_id"": ""account_10_7c280d1d4b3d"", ""categories"": [""Watches""], ""brands"": [""Casio""], ""colors"": [], ""materials"": [], ""sizes"": [], ""occasions"": [], ""minimum_price"": null, ""maximum_price"": 80.0, ""currency"": ""USD"", ""destination"": null, ""timeframe"": null, ""top_brand_mode"": false, ""active_request_text"": ""Watches from Casio under $80"", ""memory_version"": ""active_request_memory_v1"", ""_pending_bridge_version"": ""chat_pending_bridge_v1""}",I understood your shopping request.  - Product: Watches - Brand: Casio - Maximum price: $80  I found 10 exact matches satisfying the current constraints.  Prices are historical dataset prices and may differ from current Amazon prices.,"[""B071D37SF9"", ""B000GAYQKY"", ""B09S4VHC1B"", ""B001AWZDA4"", ""B09S4WXL1J"", ""B096LZ3632"", ""B01FJKKWLW"", ""B003WPUU0U"", ""B000GB1R7S"", ""B000GB0G7A""]","{""categories"": [""Watches""], ""brands"": [""Casio""], ""maximum_price"": 80.0, ""_pending_bridge_version"": ""chat_pending_bridge_v1""}",[],PASS,,Observed behavior matched the automated diagnostic expectation.,200,1.808104,"[{""product_id"": ""B071D37SF9"", ""numeric_db_price"": 22.0, ""reconstructed_card_price"": null, ""price_display"": null}, {""product_id"": ""B000GAYQKY"", ""numeric_db_price"": 52.92, ""reconstructed_card_price"": null, ""price_display"": null}, {""product_id"": ""B09S4VHC1B"", ""numeric_db_price"": 49.92, ""reconstructed_card_price"": null, ""price_display"": null}, {""product_id"": ""B001AWZDA4"", ""numeric_db_price"": 21.92, ""reconstructed_card_price"": null, ""price_display"": null}, {""product_id"": ""B09S4WXL1J"", ""numeric_db_price"": 16.88, ""reconstructed_card_price"": null, ""price_display"": null}, {""product_id"": ""B096LZ3632"", ""numeric_db_price"": 22.99, ""reconstructed_card_price"": null, ""price_display"": null}, {""product_id"": ""B01FJKKWLW"", ""numeric_db_price"": 52.5, ""reconstructed_card_price"": null, ""price_display"": null}, {""product_id"": ""B003WPUU0U"", ""numeric_db_price"": 71.43, ""reconstructed_card_price"": null, ""price_display"": null}, {""product_id"": ""B000GB1R7S"", ""numeric_db_price"": 21.92, ""reconstructed_card_price"": null, ""price_display"": null}, {""product_id"": ""B000GB0G7A"", ""numeric_db_price"": 15.5, ""reconstructed_card_price"": null, ""price_display"": null}]"
S040,NEW_SHOPPING_GOAL,125,2,Instead I need t-shirts.,"A genuine t-shirt goal drops obsolete watch, Casio, and budget constraints.",{},"{""profile_id"": ""account_10_7c280d1d4b3d"", ""categories"": [""T-Shirts"", ""Shirts""], ""brands"": [""Casio""], ""colors"": [], ""materials"": [], ""sizes"": [], ""occasions"": [], ""minimum_price"": null, ""maximum_price"": 80.0, ""currency"": ""USD"", ""destination"": null, ""timeframe"": null, ""top_brand_mode"": false, ""active_request_text"": ""T-Shirts Shirts from Casio under $80"", ""memory_version"": ""active_request_memory_v1"", ""_pending_bridge_version"": ""chat_pending_bridge_v1""}","I updated your previous shopping request.  - Product: T-Shirts, Shirts - Brand: Casio - Maximum price: $80  I found no exact matches satisfying all of these constraints. I did not add unrelated products.  To see more results, you can increase the maximum budget or allow additional brands.  Prices are historical dataset prices and may differ from current Amazon prices.",[],"{""categories"": [""T-Shirts"", ""Shirts""], ""brands"": [""Casio""], ""maximum_price"": 80.0, ""_pending_bridge_version"": ""chat_pending_bridge_v1""}",[],FAIL,STATE_MEMORY,"Stale new-goal constraints retained: casio, 80",200,2.243809,[]
S041,NEW_CHAT_ISOLATION,126,1,Show me black Nike shoes under $40.,Second message occurs in a newly created chat and must not inherit Chat A constraints.,{},"{""profile_id"": ""account_10_7c280d1d4b3d"", ""categories"": [""Shoes""], ""brands"": [""Nike""], ""colors"": [""black""], ""materials"": [], ""sizes"": [], ""occasions"": [], ""minimum_price"": null, ""maximum_price"": 40.0, ""currency"": ""USD"", ""destination"": null, ""timeframe"": null, ""top_brand_mode"": false, ""active_request_text"": ""Shoes from Nike in black under $40"", ""memory_version"": ""active_request_memory_v1"", ""_pending_bridge_version"": ""chat_pending_bridge_v1""}","I understood your shopping request.  - Product: Shoes - Brand: Nike - Colour: black - Maximum price: $40  I found 1 exact match. I did not add unrelated products to reach 10 recommendations.  To see more results, you can increase the maximum budget, allow additional colours, or allow additional brands.  Prices are historical dataset prices and may differ from current Amazon prices.","[""B08XX28VQ9""]","{""categories"": [""Shoes""], ""brands"": [""Nike""], ""colors"": [""black""], ""maximum_price"": 40.0, ""_pending_bridge_version"": ""chat_pending_bridge_v1""}",[],PASS,,Observed behavior matched the automated diagnostic expectation.,200,4.012371,"[{""product_id"": ""B08XX28VQ9"", ""numeric_db_price"": 34.99, ""reconstructed_card_price"": null, ""price_display"": null}]"
S041,NEW_CHAT_ISOLATION,127,2,Show me watches.,Second message occurs in a newly created chat and must not inherit Chat A constraints.,{},"{""profile_id"": ""account_10_7c280d1d4b3d"", ""categories"": [""Watches""], ""brands"": [], ""colors"": [], ""materials"": [], ""sizes"": [], ""occasions"": [], ""minimum_price"": null, ""maximum_price"": null, ""currency"": ""USD"", ""destination"": null, ""timeframe"": null, ""top_brand_mode"": false, ""active_request_text"": ""Watches"", ""memory_version"": ""active_request_memory_v1"", ""_pending_bridge_version"": ""chat_pending_bridge_v1""}",I understood your shopping request.  - Product: Watches - Maximum price: flexible  I found 10 exact matches satisfying the current constraints.  Prices are historical dataset prices and may differ from current Amazon prices.,"[""B0BG65PQ9F"", ""B071D37SF9"", ""B01M636GNK"", ""B01I9OMC2C"", ""B08X2X5YN5"", ""B000GAYQKY"", ""B01M4I8D07"", ""B09S4VHC1B"", ""B001AWZDA4"", ""B01AYFTRJA""]","{""categories"": [""Watches""], ""_pending_bridge_version"": ""chat_pending_bridge_v1""}",[],PASS,,Observed behavior matched the automated diagnostic expectation.,200,1.7608,"[{""product_id"": ""B0BG65PQ9F"", ""numeric_db_price"": 63.0, ""reconstructed_card_price"": null, ""price_display"": null}, {""product_id"": ""B071D37SF9"", ""numeric_db_price"": 22.0, ""reconstructed_card_price"": null, ""price_display"": null}, {""product_id"": ""B01M636GNK"", ""numeric_db_price"": 36.4, ""reconstructed_card_price"": null, ""price_display"": null}, {""product_id"": ""B01I9OMC2C"", ""numeric_db_price"": 37.73, ""reconstructed_card_price"": null, ""price_display"": null}, {""product_id"": ""B08X2X5YN5"", ""numeric_db_price"": 13.59, ""reconstructed_card_price"": null, ""price_display"": null}, {""product_id"": ""B000GAYQKY"", ""numeric_db_price"": 52.92, ""reconstructed_card_price"": null, ""price_display"": null}, {""product_id"": ""B01M4I8D07"", ""numeric_db_price"": 32.9, ""reconstructed_card_price"": null, ""price_display"": null}, {""product_id"": ""B09S4VHC1B"", ""numeric_db_price"": 49.92, ""reconstructed_card_price"": null, ""price_display"": null}, {""product_id"": ""B001AWZDA4"", ""numeric_db_price"": 21.92, ""reconstructed_card_price"": null, ""price_display"": null}, {""product_id"": ""B01AYFTRJA"", ""numeric_db_price"": 19.99, ""reconstructed_card_price"": null, ""price_display"": null}]"
S042,NEW_CHAT_ISOLATION,128,1,Show me red adidas t-shirts under $50.,Second message occurs in a newly created chat and must not inherit Chat A constraints.,{},"{""profile_id"": ""account_10_7c280d1d4b3d"", ""categories"": [""T-Shirts"", ""Shirts""], ""brands"": [""adidas""], ""colors"": [""red""], ""materials"": [], ""sizes"": [], ""occasions"": [], ""minimum_price"": null, ""maximum_price"": 50.0, ""currency"": ""USD"", ""destination"": null, ""timeframe"": null, ""top_brand_mode"": false, ""active_request_text"": ""T-Shirts Shirts from adidas in red under $50"", ""memory_version"": ""active_request_memory_v1"", ""_pending_bridge_version"": ""chat_pending_bridge_v1""}","I understood your shopping request.  - Product: T-Shirts, Shirts - Brand: adidas - Colour: red - Maximum price: $50  I found no exact matches satisfying all of these constraints. I did not add unrelated products.  To see more results, you can increase the maximum budget, allow additional colours, or allow additional brands.  Prices are historical dataset prices and may differ from current Amazon prices.",[],"{""categories"": [""T-Shirts"", ""Shirts""], ""brands"": [""adidas""], ""colors"": [""red""], ""maximum_price"": 50.0, ""_pending_bridge_version"": ""chat_pending_bridge_v1""}",[],PASS,,Observed behavior matched the automated diagnostic expectation.,200,4.301728,[]
S042,NEW_CHAT_ISOLATION,129,2,Show me jackets.,Second message occurs in a newly created chat and must not inherit Chat A constraints.,{},"{""profile_id"": ""account_10_7c280d1d4b3d"", ""categories"": [""Jackets""], ""brands"": [], ""colors"": [], ""materials"": [], ""sizes"": [], ""occasions"": [], ""minimum_price"": null, ""maximum_price"": null, ""currency"": ""USD"", ""destination"": null, ""timeframe"": null, ""top_brand_mode"": false, ""active_request_text"": ""Jackets"", ""memory_version"": ""active_request_memory_v1"", ""_pending_bridge_version"": ""chat_pending_bridge_v1""}",I understood your shopping request.  - Product: Jackets - Maximum price: flexible  I found 10 exact matches satisfying the current constraints.  Prices are historical dataset prices and may differ from current Amazon prices.,"[""B0BLXPNPQV"", ""B0084AVW7I"", ""B0BFQBC58T"", ""B0B18B6FGH"", ""B08JJJV897"", ""B0BHTPQ72V"", ""B09HDMWRTX"", ""B09M6QR4BP"", ""B08224J2ZG"", ""B00NHO4WCS""]","{""categories"": [""Jackets""], ""_pending_bridge_version"": ""chat_pending_bridge_v1""}",[],PASS,,Observed behavior matched the automated diagnostic expectation.,200,1.838442,"[{""product_id"": ""B0BLXPNPQV"", ""numeric_db_price"": 44.99, ""reconstructed_card_price"": null, ""price_display"": null}, {""product_id"": ""B0084AVW7I"", ""numeric_db_price"": 44.99, ""reconstructed_card_price"": null, ""price_display"": null}, {""product_id"": ""B0BFQBC58T"", ""numeric_db_price"": 23.92, ""reconstructed_card_price"": null, ""price_display"": null}, {""product_id"": ""B0B18B6FGH"", ""numeric_db_price"": 49.95, ""reconstructed_card_price"": null, ""price_display"": null}, {""product_id"": ""B08JJJV897"", ""numeric_db_price"": 38.99, ""reconstructed_card_price"": null, ""price_display"": null}, {""product_id"": ""B0BHTPQ72V"", ""numeric_db_price"": 179.99, ""reconstructed_card_price"": null, ""price_display"": null}, {""product_id"": ""B09HDMWRTX"", ""numeric_db_price"": 39.99, ""reconstructed_card_price"": null, ""price_display"": null}, {""product_id"": ""B09M6QR4BP"", ""numeric_db_price"": 69.97, ""reconstructed_card_price"": null, ""price_display"": null}, {""product_id"": ""B08224J2ZG"", ""numeric_db_price"": 49.99, ""reconstructed_card_price"": null, ""price_display"": null}, {""product_id"": ""B00NHO4WCS"", ""numeric_db_price"": 69.97, ""reconstructed_card_price"": null, ""price_display"": null}]"
S043,NEW_CHAT_ISOLATION,130,1,Show me blue Skechers shoes under $90.,Second message occurs in a newly created chat and must not inherit Chat A constraints.,{},"{""profile_id"": ""account_10_7c280d1d4b3d"", ""categories"": [""Shoes""], ""brands"": [""Skechers""], ""colors"": [""blue""], ""materials"": [], ""sizes"": [], ""occasions"": [], ""minimum_price"": null, ""maximum_price"": 90.0, ""currency"": ""USD"", ""destination"": null, ""timeframe"": null, ""top_brand_mode"": false, ""active_request_text"": ""Shoes from Skechers in blue under $90"", ""memory_version"": ""active_request_memory_v1"", ""_pending_bridge_version"": ""chat_pending_bridge_v1""}","I understood your shopping request.  - Product: Shoes - Brand: Skechers - Colour: blue - Maximum price: $90  I found no exact matches satisfying all of these constraints. I did not add unrelated products.  To see more results, you can increase the maximum budget, allow additional colours, or allow additional brands.  Prices are historical dataset prices and may differ from current Amazon prices.",[],"{""categories"": [""Shoes""], ""brands"": [""Skechers""], ""colors"": [""blue""], ""maximum_price"": 90.0, ""_pending_bridge_version"": ""chat_pending_bridge_v1""}",[],PASS,,Observed behavior matched the automated diagnostic expectation.,200,3.814366,[]
S043,NEW_CHAT_ISOLATION,131,2,Show me accessories.,Second message occurs in a newly created chat and must not inherit Chat A constraints.,{},"{""profile_id"": ""account_10_7c280d1d4b3d"", ""categories"": [""Accessories""], ""brands"": [], ""colors"": [], ""materials"": [], ""sizes"": [], ""occasions"": [], ""minimum_price"": null, ""maximum_price"": null, ""currency"": ""USD"", ""destination"": null, ""timeframe"": null, ""top_brand_mode"": false, ""active_request_text"": ""Accessories"", ""memory_version"": ""active_request_memory_v1"", ""_pending_bridge_version"": ""chat_pending_bridge_v1""}",I understood your shopping request.  - Product: Accessories - Maximum price: flexible  I found 10 exact matches satisfying the current constraints.  Prices are historical dataset prices and may differ from current Amazon prices.,"[""B00975EAJ6"", ""B01N5HUOFP"", ""B089RXP8K2"", ""B0B9ZYDDZ1"", ""B0C4YKLXPQ"", ""B096B6CXWG"", ""B0B9KD494Z"", ""B0895FKB9P"", ""B07MT546HC"", ""B09ZVK34DX""]","{""categories"": [""Accessories""], ""_pending_bridge_version"": ""chat_pending_bridge_v1""}",[],PASS,,Observed behavior matched the automated diagnostic expectation.,200,1.900806,"[{""product_id"": ""B00975EAJ6"", ""numeric_db_price"": 9.99, ""reconstructed_card_price"": null, ""price_display"": null}, {""product_id"": ""B01N5HUOFP"", ""numeric_db_price"": 12.99, ""reconstructed_card_price"": null, ""price_display"": null}, {""product_id"": ""B089RXP8K2"", ""numeric_db_price"": 13.59, ""reconstructed_card_price"": null, ""price_display"": null}, {""product_id"": ""B0B9ZYDDZ1"", ""numeric_db_price"": 15.99, ""reconstructed_card_price"": null, ""price_display"": null}, {""product_id"": ""B0C4YKLXPQ"", ""numeric_db_price"": 19.99, ""reconstructed_card_price"": null, ""price_display"": null}, {""product_id"": ""B096B6CXWG"", ""numeric_db_price"": 10.19, ""reconstructed_card_price"": null, ""price_display"": null}, {""product_id"": ""B0B9KD494Z"", ""numeric_db_price"": 10.99, ""reconstructed_card_price"": null, ""price_display"": null}, {""product_id"": ""B0895FKB9P"", ""numeric_db_price"": 18.99, ""reconstructed_card_price"": null, ""price_display"": null}, {""product_id"": ""B07MT546HC"", ""numeric_db_price"": 19.99, ""reconstructed_card_price"": null, ""price_display"": null}, {""product_id"": ""B09ZVK34DX"", ""numeric_db_price"": 24.49, ""reconstructed_card_price"": null, ""price_display"": null}]"
S044,CHAT_RELOAD,132,1,Show me black Nike shoes under $80.,Reselecting the same chat restores its own active state and a separate chat remains independent.,{},"{""profile_id"": ""account_10_7c280d1d4b3d"", ""categories"": [""Shoes""], ""brands"": [""Nike""], ""colors"": [""black""], ""materials"": [], ""sizes"": [], ""occasions"": [], ""minimum_price"": null, ""maximum_price"": 80.0, ""currency"": ""USD"", ""destination"": null, ""timeframe"": null, ""top_brand_mode"": false, ""active_request_text"": ""Shoes from Nike in black under $80"", ""memory_version"": ""active_request_memory_v1"", ""_pending_bridge_version"": ""chat_pending_bridge_v1""}","I understood your shopping request.  - Product: Shoes - Brand: Nike - Colour: black - Maximum price: $80  I found 3 exact matches. I did not add unrelated products to reach 10 recommendations.  To see more results, you can increase the maximum budget, allow additional colours, or allow additional brands.  Prices are historical dataset prices and may differ from current Amazon prices.","[""B08XX28VQ9"", ""B0B2TB19C3"", ""B0090HCJOY""]","{""categories"": [""Shoes""], ""brands"": [""Nike""], ""colors"": [""black""], ""maximum_price"": 80.0, ""_pending_bridge_version"": ""chat_pending_bridge_v1""}",[],PASS,,Observed behavior matched the automated diagnostic expectation.,200,3.944071,"[{""product_id"": ""B08XX28VQ9"", ""numeric_db_price"": 34.99, ""reconstructed_card_price"": null, ""price_display"": null}, {""product_id"": ""B0B2TB19C3"", ""numeric_db_price"": 78.99, ""reconstructed_card_price"": null, ""price_display"": null}, {""product_id"": ""B0090HCJOY"", ""numeric_db_price"": 62.45, ""reconstructed_card_price"": null, ""price_display"": null}]"
S044,CHAT_RELOAD,132,2,Reload this chat.,Reselecting the same chat restores its own active state and a separate chat remains independent.,{},"{""profile_id"": ""account_10_7c280d1d4b3d"", ""categories"": [""Shoes""], ""brands"": [""Nike""], ""colors"": [""black""], ""materials"": [], ""sizes"": [], ""occasions"": [], ""minimum_price"": null, ""maximum_price"": 80.0, ""currency"": ""USD"", ""destination"": null, ""timeframe"": null, ""top_brand_mode"": false, ""active_request_text"": ""Shoes from Nike in black under $80"", ""memory_version"": ""active_request_memory_v1"", ""_pending_bridge_version"": ""chat_pending_bridge_v1""}","I updated your previous shopping request.  - Product: Shoes - Brand: Nike - Colour: black - Maximum price: $80  I found 3 exact matches. I did not add unrelated products to reach 10 recommendations.  To see more results, you can increase the maximum budget, allow additional colours, or allow additional brands.  Prices are historical dataset prices and may differ from current Amazon prices.","[""B08XX28VQ9"", ""B0B2TB19C3"", ""B0090HCJOY""]","{""categories"": [""Shoes""], ""brands"": [""Nike""], ""colors"": [""black""], ""maximum_price"": 80.0, ""_pending_bridge_version"": ""chat_pending_bridge_v1""}",[],PASS,,Observed behavior matched the automated diagnostic expectation.,200,4.298864,"[{""product_id"": ""B08XX28VQ9"", ""numeric_db_price"": 34.99, ""reconstructed_card_price"": null, ""price_display"": null}, {""product_id"": ""B0B2TB19C3"", ""numeric_db_price"": 78.99, ""reconstructed_card_price"": null, ""price_display"": null}, {""product_id"": ""B0090HCJOY"", ""numeric_db_price"": 62.45, ""reconstructed_card_price"": null, ""price_display"": null}]"
S045,PROFILE_PREFERENCE_VS_HARD,133,1,I like Nike.,Profile Nike may influence ranking but must not become a hard brand constraint unless explicitly requested; adidas must override it.,{},"{""profile_id"": ""account_10_7c280d1d4b3d"", ""categories"": [], ""brands"": [""Nike""], ""colors"": [], ""materials"": [], ""sizes"": [], ""occasions"": [], ""minimum_price"": null, ""maximum_price"": null, ""currency"": ""USD"", ""destination"": null, ""timeframe"": null, ""top_brand_mode"": false, ""active_request_text"": ""from Nike"", ""memory_version"": ""active_request_memory_v1"", ""_pending_bridge_version"": ""chat_pending_bridge_v1""}",I understood your shopping request.  - Brand: Nike - Maximum price: flexible  I found 10 exact matches satisfying the current constraints.  Prices are historical dataset prices and may differ from current Amazon prices.,"[""B07RJTN4CS"", ""B01D3MS79W"", ""B0753J399N"", ""B06Y4CJVQY"", ""B07KR1Z9DC"", ""B01HZR3P02"", ""B07KR17QXS"", ""B07KQZWY97"", ""B078H9Z1S5"", ""B01MRC85DW""]","{""brands"": [""Nike""], ""_pending_bridge_version"": ""chat_pending_bridge_v1""}",[],FAIL,PROFILE_PERSONALIZATION,'I like Nike' was treated as a current hard shopping filter and no saved preference row was created.,200,1.507168,"[{""product_id"": ""B07RJTN4CS"", ""numeric_db_price"": 74.99, ""reconstructed_card_price"": null, ""price_display"": null}, {""product_id"": ""B01D3MS79W"", ""numeric_db_price"": 29.76, ""reconstructed_card_price"": null, ""price_display"": null}, {""product_id"": ""B0753J399N"", ""numeric_db_price"": 44.0, ""reconstructed_card_price"": null, ""price_display"": null}, {""product_id"": ""B06Y4CJVQY"", ""numeric_db_price"": 21.99, ""reconstructed_card_price"": null, ""price_display"": null}, {""product_id"": ""B07KR1Z9DC"", ""numeric_db_price"": 13.85, ""reconstructed_card_price"": null, ""price_display"": null}, {""product_id"": ""B01HZR3P02"", ""numeric_db_price"": 99.0, ""reconstructed_card_price"": null, ""price_display"": null}, {""product_id"": ""B07KR17QXS"", ""numeric_db_price"": 15.98, ""reconstructed_card_price"": null, ""price_display"": null}, {""product_id"": ""B07KQZWY97"", ""numeric_db_price"": 14.95, ""reconstructed_card_price"": null, ""price_display"": null}, {""product_id"": ""B078H9Z1S5"", ""numeric_db_price"": 103.59, ""reconstructed_card_price"": null, ""price_display"": null}, {""product_id"": ""B01MRC85DW"", ""numeric_db_price"": 73.93, ""reconstructed_card_price"": null, ""price_display"": null}]"
S045,PROFILE_PREFERENCE_VS_HARD,133,2,Show me red t-shirts.,Profile Nike may influence ranking but must not become a hard brand constraint unless explicitly requested; adidas must override it.,{},"{""profile_id"": ""account_10_7c280d1d4b3d"", ""categories"": [""T-Shirts"", ""Shirts""], ""brands"": [""Nike""], ""colors"": [""red""], ""materials"": [], ""sizes"": [], ""occasions"": [], ""minimum_price"": null, ""maximum_price"": null, ""currency"": ""USD"", ""destination"": null, ""timeframe"": null, ""top_brand_mode"": false, ""active_request_text"": ""T-Shirts Shirts from Nike in red"", ""memory_version"": ""active_request_memory_v1"", ""_pending_bridge_version"": ""chat_pending_bridge_v1""}","I updated your previous shopping request.  - Product: T-Shirts, Shirts - Brand: Nike - Colour: red - Maximum price: flexible  I found 1 exact match. I did not add unrelated products to reach 10 recommendations.  To see more results, you can allow additional colours or allow additional brands.  Prices are historical dataset prices and may differ from current Amazon prices.","[""B06Y4BVY5P""]","{""categories"": [""T-Shirts"", ""Shirts""], ""brands"": [""Nike""], ""colors"": [""red""], ""_pending_bridge_version"": ""chat_pending_bridge_v1""}",[],FAIL,STATE_MEMORY,Nike persisted as a hard active-chat constraint; the audit profile contained no saved Nike preference.,200,4.334192,"[{""product_id"": ""B06Y4BVY5P"", ""numeric_db_price"": 25.98, ""reconstructed_card_price"": null, ""price_display"": null}]"
S045,PROFILE_PREFERENCE_VS_HARD,133,3,Show me watches.,Profile Nike may influence ranking but must not become a hard brand constraint unless explicitly requested; adidas must override it.,{},"{""profile_id"": ""account_10_7c280d1d4b3d"", ""categories"": [""Watches""], ""brands"": [""Nike""], ""colors"": [""red""], ""materials"": [], ""sizes"": [], ""occasions"": [], ""minimum_price"": null, ""maximum_price"": null, ""currency"": ""USD"", ""destination"": null, ""timeframe"": null, ""top_brand_mode"": false, ""active_request_text"": ""Watches from Nike in red"", ""memory_version"": ""active_request_memory_v1"", ""_pending_bridge_version"": ""chat_pending_bridge_v1""}","I updated your previous shopping request.  - Product: Watches - Brand: Nike - Colour: red - Maximum price: flexible  I found no exact matches satisfying all of these constraints. I did not add unrelated products.  To see more results, you can allow additional colours or allow additional brands.  Prices are historical dataset prices and may differ from current Amazon prices.",[],"{""categories"": [""Watches""], ""brands"": [""Nike""], ""colors"": [""red""], ""_pending_bridge_version"": ""chat_pending_bridge_v1""}",[],FAIL,STATE_MEMORY,Nike persisted as a hard active-chat constraint; the audit profile contained no saved Nike preference.,200,3.421304,[]
S045,PROFILE_PREFERENCE_VS_HARD,133,4,Show me adidas t-shirts.,Profile Nike may influence ranking but must not become a hard brand constraint unless explicitly requested; adidas must override it.,{},"{""profile_id"": ""account_10_7c280d1d4b3d"", ""categories"": [""T-Shirts"", ""Shirts""], ""brands"": [""adidas""], ""colors"": [""red""], ""materials"": [], ""sizes"": [], ""occasions"": [], ""minimum_price"": null, ""maximum_price"": null, ""currency"": ""USD"", ""destination"": null, ""timeframe"": null, ""top_brand_mode"": false, ""active_request_text"": ""T-Shirts Shirts from adidas in red"", ""memory_version"": ""active_request_memory_v1"", ""_pending_bridge_version"": ""chat_pending_bridge_v1""}","I updated your previous shopping request.  - Product: T-Shirts, Shirts - Brand: adidas - Colour: red - Maximum price: flexible  I found no exact matches satisfying all of these constraints. I did not add unrelated products.  To see more results, you can allow additional colours or allow additional brands.  Prices are historical dataset prices and may differ from current Amazon prices.",[],"{""categories"": [""T-Shirts"", ""Shirts""], ""brands"": [""adidas""], ""colors"": [""red""], ""_pending_bridge_version"": ""chat_pending_bridge_v1""}",[],PASS,,Observed behavior matched the automated diagnostic expectation.,200,4.025251,[]
S046,TYPO_CASUAL_LANGUAGE,134,1,show me adiddas tshirts,Understand likely adidas t-shirts typo or clearly request clarification.,{},"{""profile_id"": ""account_10_7c280d1d4b3d"", ""categories"": [""T-Shirts"", ""Shirts""], ""brands"": [], ""colors"": [], ""materials"": [], ""sizes"": [], ""occasions"": [], ""minimum_price"": null, ""maximum_price"": null, ""currency"": ""USD"", ""destination"": null, ""timeframe"": null, ""top_brand_mode"": false, ""active_request_text"": ""T-Shirts Shirts"", ""memory_version"": ""active_request_memory_v1"", ""_pending_bridge_version"": ""chat_pending_bridge_v1""}","I understood your shopping request.  - Product: T-Shirts, Shirts - Maximum price: flexible  I found 10 exact matches satisfying the current constraints.  Prices are historical dataset prices and may differ from current Amazon prices.","[""B07TVHSDMQ"", ""B0BZDLXKTS"", ""B08R8W8GP9"", ""B09DPVPZHY"", ""B07QN1V2LF"", ""B07T7RFKSR"", ""B0C2D3BMC8"", ""B0C4HS52X9"", ""B09Y3V1P78"", ""B07KCN4G6T""]","{""categories"": [""T-Shirts"", ""Shirts""], ""_pending_bridge_version"": ""chat_pending_bridge_v1""}",[],FAIL,PARSER,Casual/typo intent missing: adidas,200,2.00689,"[{""product_id"": ""B07TVHSDMQ"", ""numeric_db_price"": 17.99, ""reconstructed_card_price"": null, ""price_display"": null}, {""product_id"": ""B0BZDLXKTS"", ""numeric_db_price"": 21.99, ""reconstructed_card_price"": null, ""price_display"": null}, {""product_id"": ""B08R8W8GP9"", ""numeric_db_price"": 23.95, ""reconstructed_card_price"": null, ""price_display"": null}, {""product_id"": ""B09DPVPZHY"", ""numeric_db_price"": 17.99, ""reconstructed_card_price"": null, ""price_display"": null}, {""product_id"": ""B07QN1V2LF"", ""numeric_db_price"": 25.99, ""reconstructed_card_price"": null, ""price_display"": null}, {""product_id"": ""B07T7RFKSR"", ""numeric_db_price"": 19.99, ""reconstructed_card_price"": null, ""price_display"": null}, {""product_id"": ""B0C2D3BMC8"", ""numeric_db_price"": 14.0, ""reconstructed_card_price"": null, ""price_display"": null}, {""product_id"": ""B0C4HS52X9"", ""numeric_db_price"": 21.33, ""reconstructed_card_price"": null, ""price_display"": null}, {""product_id"": ""B09Y3V1P78"", ""numeric_db_price"": 18.75, ""reconstructed_card_price"": null, ""price_display"": null}, {""product_id"": ""B07KCN4G6T"", ""numeric_db_price"": 38.3, ""reconstructed_card_price"": null, ""price_display"": null}]"
S047,TYPO_CASUAL_LANGUAGE,135,1,need some black kicks,Understand black shoes from casual wording.,{},"{""profile_id"": ""account_10_7c280d1d4b3d"", ""categories"": [], ""brands"": [], ""colors"": [], ""materials"": [], ""sizes"": [], ""occasions"": [], ""minimum_price"": null, ""maximum_price"": null, ""currency"": ""USD"", ""destination"": null, ""timeframe"": null, ""top_brand_mode"": false, ""active_request_text"": null, ""memory_version"": ""active_request_memory_v1"", ""_pending_conversation_state"": {""bridge_version"": ""chat_pending_bridge_v1"", ""profile_id"": ""account_10_7c280d1d4b3d"", ""pending_request_text"": ""need some black kicks"", ""pending_question"": ""What type of product are you looking for?"", ""pending_field"": ""product_type"", ""source_session_id"": 251}, ""_pending_bridge_version"": ""chat_pending_bridge_v1""}",What type of product are you looking for?,[],"{""_pending_conversation_state"": {""bridge_version"": ""chat_pending_bridge_v1"", ""profile_id"": ""account_10_7c280d1d4b3d"", ""pending_request_text"": ""need some black kicks"", ""pending_question"": ""What type of product are you looking for?"", ""pending_field"": ""product_type"", ""source_session_id"": 251}, ""_pending_bridge_version"": ""chat_pending_bridge_v1""}",[],FAIL,PARSER,Casual/typo intent missing: shoe,200,1.000513,[]
S048,TYPO_CASUAL_LANGUAGE,136,1,something below 80 bucks,Understand maximum budget 80 and request/retain an appropriate product goal.,{},"{""profile_id"": ""account_10_7c280d1d4b3d"", ""categories"": [], ""brands"": [], ""colors"": [], ""materials"": [], ""sizes"": [], ""occasions"": [], ""minimum_price"": null, ""maximum_price"": null, ""currency"": ""USD"", ""destination"": null, ""timeframe"": null, ""top_brand_mode"": false, ""active_request_text"": null, ""memory_version"": ""active_request_memory_v1"", ""_pending_conversation_state"": {""bridge_version"": ""chat_pending_bridge_v1"", ""profile_id"": ""account_10_7c280d1d4b3d"", ""pending_request_text"": ""something below 80 bucks"", ""pending_question"": ""What type of product are you looking for?"", ""pending_field"": ""product_type"", ""source_session_id"": 252}, ""_pending_bridge_version"": ""chat_pending_bridge_v1""}",What type of product are you looking for?,[],"{""_pending_conversation_state"": {""bridge_version"": ""chat_pending_bridge_v1"", ""profile_id"": ""account_10_7c280d1d4b3d"", ""pending_request_text"": ""something below 80 bucks"", ""pending_question"": ""What type of product are you looking for?"", ""pending_field"": ""product_type"", ""source_session_id"": 252}, ""_pending_bridge_version"": ""chat_pending_bridge_v1""}",[],PARTIAL,PARSER,"The engine asked for product type, but maximum_price was not active yet; the raw pending request retained '80 bucks'.",200,0.65464,[]
S049,TYPO_CASUAL_LANGUAGE,137,1,nike sneekers,Understand Nike sneakers typo.,{},"{""profile_id"": ""account_10_7c280d1d4b3d"", ""categories"": [], ""brands"": [""Nike""], ""colors"": [], ""materials"": [], ""sizes"": [], ""occasions"": [], ""minimum_price"": null, ""maximum_price"": null, ""currency"": ""USD"", ""destination"": null, ""timeframe"": null, ""top_brand_mode"": false, ""active_request_text"": ""from Nike"", ""memory_version"": ""active_request_memory_v1"", ""_pending_bridge_version"": ""chat_pending_bridge_v1""}",I understood your shopping request.  - Brand: Nike - Maximum price: flexible  I found 10 exact matches satisfying the current constraints.  Prices are historical dataset prices and may differ from current Amazon prices.,"[""B07RJTN4CS"", ""B01D3MS79W"", ""B0753J399N"", ""B06Y4CJVQY"", ""B07KR1Z9DC"", ""B01HZR3P02"", ""B07KR17QXS"", ""B07KQZWY97"", ""B078H9Z1S5"", ""B01MRC85DW""]","{""brands"": [""Nike""], ""_pending_bridge_version"": ""chat_pending_bridge_v1""}",[],FAIL,PARSER,Casual/typo intent missing: sneaker,200,1.40579,"[{""product_id"": ""B07RJTN4CS"", ""numeric_db_price"": 74.99, ""reconstructed_card_price"": null, ""price_display"": null}, {""product_id"": ""B01D3MS79W"", ""numeric_db_price"": 29.76, ""reconstructed_card_price"": null, ""price_display"": null}, {""product_id"": ""B0753J399N"", ""numeric_db_price"": 44.0, ""reconstructed_card_price"": null, ""price_display"": null}, {""product_id"": ""B06Y4CJVQY"", ""numeric_db_price"": 21.99, ""reconstructed_card_price"": null, ""price_display"": null}, {""product_id"": ""B07KR1Z9DC"", ""numeric_db_price"": 13.85, ""reconstructed_card_price"": null, ""price_display"": null}, {""product_id"": ""B01HZR3P02"", ""numeric_db_price"": 99.0, ""reconstructed_card_price"": null, ""price_display"": null}, {""product_id"": ""B07KR17QXS"", ""numeric_db_price"": 15.98, ""reconstructed_card_price"": null, ""price_display"": null}, {""product_id"": ""B07KQZWY97"", ""numeric_db_price"": 14.95, ""reconstructed_card_price"": null, ""price_display"": null}, {""product_id"": ""B078H9Z1S5"", ""numeric_db_price"": 103.59, ""reconstructed_card_price"": null, ""price_display"": null}, {""product_id"": ""B01MRC85DW"", ""numeric_db_price"": 73.93, ""reconstructed_card_price"": null, ""price_display"": null}]"
S050,TYPO_CASUAL_LANGUAGE,138,1,cheap tshirts pls,Understand t-shirts and useful low-price intent.,{},"{""profile_id"": ""account_10_7c280d1d4b3d"", ""categories"": [""T-Shirts"", ""Shirts""], ""brands"": [], ""colors"": [], ""materials"": [], ""sizes"": [], ""occasions"": [], ""minimum_price"": null, ""maximum_price"": null, ""currency"": ""USD"", ""destination"": null, ""timeframe"": null, ""top_brand_mode"": false, ""active_request_text"": ""T-Shirts Shirts"", ""memory_version"": ""active_request_memory_v1"", ""_pending_bridge_version"": ""chat_pending_bridge_v1""}","I understood your shopping request.  - Product: T-Shirts, Shirts - Maximum price: flexible  I found 10 exact matches satisfying the current constraints.  Prices are historical dataset prices and may differ from current Amazon prices.","[""B07TVHSDMQ"", ""B0BZDLXKTS"", ""B08R8W8GP9"", ""B09DPVPZHY"", ""B07QN1V2LF"", ""B07T7RFKSR"", ""B0C2D3BMC8"", ""B0C4HS52X9"", ""B09Y3V1P78"", ""B07KCN4G6T""]","{""categories"": [""T-Shirts"", ""Shirts""], ""_pending_bridge_version"": ""chat_pending_bridge_v1""}",[],PASS,,Observed behavior matched the automated diagnostic expectation.,200,2.536862,"[{""product_id"": ""B07TVHSDMQ"", ""numeric_db_price"": 17.99, ""reconstructed_card_price"": null, ""price_display"": null}, {""product_id"": ""B0BZDLXKTS"", ""numeric_db_price"": 21.99, ""reconstructed_card_price"": null, ""price_display"": null}, {""product_id"": ""B08R8W8GP9"", ""numeric_db_price"": 23.95, ""reconstructed_card_price"": null, ""price_display"": null}, {""product_id"": ""B09DPVPZHY"", ""numeric_db_price"": 17.99, ""reconstructed_card_price"": null, ""price_display"": null}, {""product_id"": ""B07QN1V2LF"", ""numeric_db_price"": 25.99, ""reconstructed_card_price"": null, ""price_display"": null}, {""product_id"": ""B07T7RFKSR"", ""numeric_db_price"": 19.99, ""reconstructed_card_price"": null, ""price_display"": null}, {""product_id"": ""B0C2D3BMC8"", ""numeric_db_price"": 14.0, ""reconstructed_card_price"": null, ""price_display"": null}, {""product_id"": ""B0C4HS52X9"", ""numeric_db_price"": 21.33, ""reconstructed_card_price"": null, ""price_display"": null}, {""product_id"": ""B09Y3V1P78"", ""numeric_db_price"": 18.75, ""reconstructed_card_price"": null, ""price_display"": null}, {""product_id"": ""B07KCN4G6T"", ""numeric_db_price"": 38.3, ""reconstructed_card_price"": null, ""price_display"": null}]"
S051,SHOW_MORE,139,1,Show me Nike shoes.,Continue discovery without simply repeating the identical product set.,{},"{""profile_id"": ""account_10_7c280d1d4b3d"", ""categories"": [""Shoes""], ""brands"": [""Nike""], ""colors"": [], ""materials"": [], ""sizes"": [], ""occasions"": [], ""minimum_price"": null, ""maximum_price"": null, ""currency"": ""USD"", ""destination"": null, ""timeframe"": null, ""top_brand_mode"": false, ""active_request_text"": ""Shoes from Nike"", ""memory_version"": ""active_request_memory_v1"", ""_pending_bridge_version"": ""chat_pending_bridge_v1""}",I understood your shopping request.  - Product: Shoes - Brand: Nike - Maximum price: flexible  I found 10 exact matches satisfying the current constraints.  Prices are historical dataset prices and may differ from current Amazon prices.,"[""B07RJTN4CS"", ""B01D3MS79W"", ""B0753J399N"", ""B01HZR3P02"", ""B078H9Z1S5"", ""B01MRC85DW"", ""B08XX28VQ9"", ""B00P927FTI"", ""B01LWRFXMD"", ""B01MUHRR8I""]","{""categories"": [""Shoes""], ""brands"": [""Nike""], ""_pending_bridge_version"": ""chat_pending_bridge_v1""}",[],PASS,,Observed behavior matched the automated diagnostic expectation.,200,2.319583,"[{""product_id"": ""B07RJTN4CS"", ""numeric_db_price"": 74.99, ""reconstructed_card_price"": null, ""price_display"": null}, {""product_id"": ""B01D3MS79W"", ""numeric_db_price"": 29.76, ""reconstructed_card_price"": null, ""price_display"": null}, {""product_id"": ""B0753J399N"", ""numeric_db_price"": 44.0, ""reconstructed_card_price"": null, ""price_display"": null}, {""product_id"": ""B01HZR3P02"", ""numeric_db_price"": 99.0, ""reconstructed_card_price"": null, ""price_display"": null}, {""product_id"": ""B078H9Z1S5"", ""numeric_db_price"": 103.59, ""reconstructed_card_price"": null, ""price_display"": null}, {""product_id"": ""B01MRC85DW"", ""numeric_db_price"": 73.93, ""reconstructed_card_price"": null, ""price_display"": null}, {""product_id"": ""B08XX28VQ9"", ""numeric_db_price"": 34.99, ""reconstructed_card_price"": null, ""price_display"": null}, {""product_id"": ""B00P927FTI"", ""numeric_db_price"": 105.97, ""reconstructed_card_price"": null, ""price_display"": null}, {""product_id"": ""B01LWRFXMD"", ""numeric_db_price"": 197.5, ""reconstructed_card_price"": null, ""price_display"": null}, {""product_id"": ""B01MUHRR8I"", ""numeric_db_price"": 69.95, ""reconstructed_card_price"": null, ""price_display"": null}]"
S051,SHOW_MORE,139,2,Show me more.,Continue discovery without simply repeating the identical product set.,{},"{""profile_id"": ""account_10_7c280d1d4b3d"", ""categories"": [""Shoes""], ""brands"": [""Nike""], ""colors"": [], ""materials"": [], ""sizes"": [], ""occasions"": [], ""minimum_price"": null, ""maximum_price"": null, ""currency"": ""USD"", ""destination"": null, ""timeframe"": null, ""top_brand_mode"": false, ""active_request_text"": ""Shoes from Nike"", ""memory_version"": ""active_request_memory_v1"", ""_pending_bridge_version"": ""chat_pending_bridge_v1""}",I updated your previous shopping request.  - Product: Shoes - Brand: Nike - Maximum price: flexible  I found 10 exact matches satisfying the current constraints.  Prices are historical dataset prices and may differ from current Amazon prices.,"[""B07RJTN4CS"", ""B01D3MS79W"", ""B0753J399N"", ""B01HZR3P02"", ""B078H9Z1S5"", ""B01MRC85DW"", ""B08XX28VQ9"", ""B00P927FTI"", ""B01LWRFXMD"", ""B01MUHRR8I""]","{""categories"": [""Shoes""], ""brands"": [""Nike""], ""_pending_bridge_version"": ""chat_pending_bridge_v1""}",[],FAIL,CONVERSATION_RESPONSE,Identical product IDs repeated.,200,2.123251,"[{""product_id"": ""B07RJTN4CS"", ""numeric_db_price"": 74.99, ""reconstructed_card_price"": null, ""price_display"": null}, {""product_id"": ""B01D3MS79W"", ""numeric_db_price"": 29.76, ""reconstructed_card_price"": null, ""price_display"": null}, {""product_id"": ""B0753J399N"", ""numeric_db_price"": 44.0, ""reconstructed_card_price"": null, ""price_display"": null}, {""product_id"": ""B01HZR3P02"", ""numeric_db_price"": 99.0, ""reconstructed_card_price"": null, ""price_display"": null}, {""product_id"": ""B078H9Z1S5"", ""numeric_db_price"": 103.59, ""reconstructed_card_price"": null, ""price_display"": null}, {""product_id"": ""B01MRC85DW"", ""numeric_db_price"": 73.93, ""reconstructed_card_price"": null, ""price_display"": null}, {""product_id"": ""B08XX28VQ9"", ""numeric_db_price"": 34.99, ""reconstructed_card_price"": null, ""price_display"": null}, {""product_id"": ""B00P927FTI"", ""numeric_db_price"": 105.97, ""reconstructed_card_price"": null, ""price_display"": null}, {""product_id"": ""B01LWRFXMD"", ""numeric_db_price"": 197.5, ""reconstructed_card_price"": null, ""price_display"": null}, {""product_id"": ""B01MUHRR8I"", ""numeric_db_price"": 69.95, ""reconstructed_card_price"": null, ""price_display"": null}]"
S052,SHOW_MORE,140,1,Show me watches under $100.,Continue discovery without simply repeating the identical product set.,{},"{""profile_id"": ""account_10_7c280d1d4b3d"", ""categories"": [""Watches""], ""brands"": [], ""colors"": [], ""materials"": [], ""sizes"": [], ""occasions"": [], ""minimum_price"": null, ""maximum_price"": 100.0, ""currency"": ""USD"", ""destination"": null, ""timeframe"": null, ""top_brand_mode"": false, ""active_request_text"": ""Watches under $100"", ""memory_version"": ""active_request_memory_v1"", ""_pending_bridge_version"": ""chat_pending_bridge_v1""}",I understood your shopping request.  - Product: Watches - Maximum price: $100  I found 10 exact matches satisfying the current constraints.  Prices are historical dataset prices and may differ from current Amazon prices.,"[""B0BG65PQ9F"", ""B071D37SF9"", ""B01M636GNK"", ""B01I9OMC2C"", ""B08X2X5YN5"", ""B000GAYQKY"", ""B01M4I8D07"", ""B09S4VHC1B"", ""B001AWZDA4"", ""B01AYFTRJA""]","{""categories"": [""Watches""], ""maximum_price"": 100.0, ""_pending_bridge_version"": ""chat_pending_bridge_v1""}",[],PASS,,Observed behavior matched the automated diagnostic expectation.,200,1.759682,"[{""product_id"": ""B0BG65PQ9F"", ""numeric_db_price"": 63.0, ""reconstructed_card_price"": null, ""price_display"": null}, {""product_id"": ""B071D37SF9"", ""numeric_db_price"": 22.0, ""reconstructed_card_price"": null, ""price_display"": null}, {""product_id"": ""B01M636GNK"", ""numeric_db_price"": 36.4, ""reconstructed_card_price"": null, ""price_display"": null}, {""product_id"": ""B01I9OMC2C"", ""numeric_db_price"": 37.73, ""reconstructed_card_price"": null, ""price_display"": null}, {""product_id"": ""B08X2X5YN5"", ""numeric_db_price"": 13.59, ""reconstructed_card_price"": null, ""price_display"": null}, {""product_id"": ""B000GAYQKY"", ""numeric_db_price"": 52.92, ""reconstructed_card_price"": null, ""price_display"": null}, {""product_id"": ""B01M4I8D07"", ""numeric_db_price"": 32.9, ""reconstructed_card_price"": null, ""price_display"": null}, {""product_id"": ""B09S4VHC1B"", ""numeric_db_price"": 49.92, ""reconstructed_card_price"": null, ""price_display"": null}, {""product_id"": ""B001AWZDA4"", ""numeric_db_price"": 21.92, ""reconstructed_card_price"": null, ""price_display"": null}, {""product_id"": ""B01AYFTRJA"", ""numeric_db_price"": 19.99, ""reconstructed_card_price"": null, ""price_display"": null}]"
S052,SHOW_MORE,140,2,More options.,Continue discovery without simply repeating the identical product set.,{},"{""profile_id"": ""account_10_7c280d1d4b3d"", ""categories"": [""Watches""], ""brands"": [], ""colors"": [], ""materials"": [], ""sizes"": [], ""occasions"": [], ""minimum_price"": null, ""maximum_price"": 100.0, ""currency"": ""USD"", ""destination"": null, ""timeframe"": null, ""top_brand_mode"": false, ""active_request_text"": ""Watches under $100"", ""memory_version"": ""active_request_memory_v1"", ""_pending_bridge_version"": ""chat_pending_bridge_v1""}",I updated your previous shopping request.  - Product: Watches - Maximum price: $100  I found 10 exact matches satisfying the current constraints.  Prices are historical dataset prices and may differ from current Amazon prices.,"[""B0BG65PQ9F"", ""B071D37SF9"", ""B01M636GNK"", ""B01I9OMC2C"", ""B08X2X5YN5"", ""B000GAYQKY"", ""B01M4I8D07"", ""B09S4VHC1B"", ""B001AWZDA4"", ""B01AYFTRJA""]","{""categories"": [""Watches""], ""maximum_price"": 100.0, ""_pending_bridge_version"": ""chat_pending_bridge_v1""}",[],FAIL,CONVERSATION_RESPONSE,Identical product IDs repeated.,200,1.890514,"[{""product_id"": ""B0BG65PQ9F"", ""numeric_db_price"": 63.0, ""reconstructed_card_price"": null, ""price_display"": null}, {""product_id"": ""B071D37SF9"", ""numeric_db_price"": 22.0, ""reconstructed_card_price"": null, ""price_display"": null}, {""product_id"": ""B01M636GNK"", ""numeric_db_price"": 36.4, ""reconstructed_card_price"": null, ""price_display"": null}, {""product_id"": ""B01I9OMC2C"", ""numeric_db_price"": 37.73, ""reconstructed_card_price"": null, ""price_display"": null}, {""product_id"": ""B08X2X5YN5"", ""numeric_db_price"": 13.59, ""reconstructed_card_price"": null, ""price_display"": null}, {""product_id"": ""B000GAYQKY"", ""numeric_db_price"": 52.92, ""reconstructed_card_price"": null, ""price_display"": null}, {""product_id"": ""B01M4I8D07"", ""numeric_db_price"": 32.9, ""reconstructed_card_price"": null, ""price_display"": null}, {""product_id"": ""B09S4VHC1B"", ""numeric_db_price"": 49.92, ""reconstructed_card_price"": null, ""price_display"": null}, {""product_id"": ""B001AWZDA4"", ""numeric_db_price"": 21.92, ""reconstructed_card_price"": null, ""price_display"": null}, {""product_id"": ""B01AYFTRJA"", ""numeric_db_price"": 19.99, ""reconstructed_card_price"": null, ""price_display"": null}]"
S053,SHOW_MORE,141,1,Show me black jackets.,Continue discovery without simply repeating the identical product set.,{},"{""profile_id"": ""account_10_7c280d1d4b3d"", ""categories"": [""Jackets""], ""brands"": [], ""colors"": [""black""], ""materials"": [], ""sizes"": [], ""occasions"": [], ""minimum_price"": null, ""maximum_price"": null, ""currency"": ""USD"", ""destination"": null, ""timeframe"": null, ""top_brand_mode"": false, ""active_request_text"": ""Jackets in black"", ""memory_version"": ""active_request_memory_v1"", ""_pending_bridge_version"": ""chat_pending_bridge_v1""}",I understood your shopping request.  - Product: Jackets - Colour: black - Maximum price: flexible  I found 10 exact matches satisfying the current constraints.  Prices are historical dataset prices and may differ from current Amazon prices.,"[""B09ZBCPPSG"", ""B07H2Y3N8Q"", ""B01CSC6OJI"", ""B00O70UZ3Q"", ""B07TTLS3JM"", ""B07K1ZWSV9"", ""B07G64NZMK"", ""B07S2JVPHP"", ""B07CPR4L5P"", ""B07J4RHXMM""]","{""categories"": [""Jackets""], ""colors"": [""black""], ""_pending_bridge_version"": ""chat_pending_bridge_v1""}",[],PASS,,Observed behavior matched the automated diagnostic expectation.,200,3.965655,"[{""product_id"": ""B09ZBCPPSG"", ""numeric_db_price"": 9.57, ""reconstructed_card_price"": null, ""price_display"": null}, {""product_id"": ""B07H2Y3N8Q"", ""numeric_db_price"": 39.99, ""reconstructed_card_price"": null, ""price_display"": null}, {""product_id"": ""B01CSC6OJI"", ""numeric_db_price"": 39.99, ""reconstructed_card_price"": null, ""price_display"": null}, {""product_id"": ""B00O70UZ3Q"", ""numeric_db_price"": 38.89, ""reconstructed_card_price"": null, ""price_display"": null}, {""product_id"": ""B07TTLS3JM"", ""numeric_db_price"": 32.99, ""reconstructed_card_price"": null, ""price_display"": null}, {""product_id"": ""B07K1ZWSV9"", ""numeric_db_price"": 59.99, ""reconstructed_card_price"": null, ""price_display"": null}, {""product_id"": ""B07G64NZMK"", ""numeric_db_price"": 23.99, ""reconstructed_card_price"": null, ""price_display"": null}, {""product_id"": ""B07S2JVPHP"", ""numeric_db_price"": 69.98, ""reconstructed_card_price"": null, ""price_display"": null}, {""product_id"": ""B07CPR4L5P"", ""numeric_db_price"": 53.98, ""reconstructed_card_price"": null, ""price_display"": null}, {""product_id"": ""B07J4RHXMM"", ""numeric_db_price"": 56.9, ""reconstructed_card_price"": null, ""price_display"": null}]"
S053,SHOW_MORE,141,2,Anything else?,Continue discovery without simply repeating the identical product set.,{},"{""profile_id"": ""account_10_7c280d1d4b3d"", ""categories"": [""Jackets""], ""brands"": [], ""colors"": [""black""], ""materials"": [], ""sizes"": [], ""occasions"": [], ""minimum_price"": null, ""maximum_price"": null, ""currency"": ""USD"", ""destination"": null, ""timeframe"": null, ""top_brand_mode"": false, ""active_request_text"": ""Jackets in black"", ""memory_version"": ""active_request_memory_v1"", ""_pending_bridge_version"": ""chat_pending_bridge_v1""}",I updated your previous shopping request.  - Product: Jackets - Colour: black - Maximum price: flexible  I found 10 exact matches satisfying the current constraints.  Prices are historical dataset prices and may differ from current Amazon prices.,"[""B09ZBCPPSG"", ""B07H2Y3N8Q"", ""B01CSC6OJI"", ""B00O70UZ3Q"", ""B07TTLS3JM"", ""B07K1ZWSV9"", ""B07G64NZMK"", ""B07S2JVPHP"", ""B07CPR4L5P"", ""B07J4RHXMM""]","{""categories"": [""Jackets""], ""colors"": [""black""], ""_pending_bridge_version"": ""chat_pending_bridge_v1""}",[],FAIL,CONVERSATION_RESPONSE,Identical product IDs repeated.,200,3.501815,"[{""product_id"": ""B09ZBCPPSG"", ""numeric_db_price"": 9.57, ""reconstructed_card_price"": null, ""price_display"": null}, {""product_id"": ""B07H2Y3N8Q"", ""numeric_db_price"": 39.99, ""reconstructed_card_price"": null, ""price_display"": null}, {""product_id"": ""B01CSC6OJI"", ""numeric_db_price"": 39.99, ""reconstructed_card_price"": null, ""price_display"": null}, {""product_id"": ""B00O70UZ3Q"", ""numeric_db_price"": 38.89, ""reconstructed_card_price"": null, ""price_display"": null}, {""product_id"": ""B07TTLS3JM"", ""numeric_db_price"": 32.99, ""reconstructed_card_price"": null, ""price_display"": null}, {""product_id"": ""B07K1ZWSV9"", ""numeric_db_price"": 59.99, ""reconstructed_card_price"": null, ""price_display"": null}, {""product_id"": ""B07G64NZMK"", ""numeric_db_price"": 23.99, ""reconstructed_card_price"": null, ""price_display"": null}, {""product_id"": ""B07S2JVPHP"", ""numeric_db_price"": 69.98, ""reconstructed_card_price"": null, ""price_display"": null}, {""product_id"": ""B07CPR4L5P"", ""numeric_db_price"": 53.98, ""reconstructed_card_price"": null, ""price_display"": null}, {""product_id"": ""B07J4RHXMM"", ""numeric_db_price"": 56.9, ""reconstructed_card_price"": null, ""price_display"": null}]"
S054,RELATIVE_REFINEMENT,142,1,Show me watches under $150.,Understand relative cheaper refinement using prior results.,{},"{""profile_id"": ""account_10_7c280d1d4b3d"", ""categories"": [""Watches""], ""brands"": [], ""colors"": [], ""materials"": [], ""sizes"": [], ""occasions"": [], ""minimum_price"": null, ""maximum_price"": 150.0, ""currency"": ""USD"", ""destination"": null, ""timeframe"": null, ""top_brand_mode"": false, ""active_request_text"": ""Watches under $150"", ""memory_version"": ""active_request_memory_v1"", ""_pending_bridge_version"": ""chat_pending_bridge_v1""}",I understood your shopping request.  - Product: Watches - Maximum price: $150  I found 10 exact matches satisfying the current constraints.  Prices are historical dataset prices and may differ from current Amazon prices.,"[""B0BG65PQ9F"", ""B071D37SF9"", ""B01M636GNK"", ""B01I9OMC2C"", ""B08X2X5YN5"", ""B000GAYQKY"", ""B01M4I8D07"", ""B09S4VHC1B"", ""B001AWZDA4"", ""B01AYFTRJA""]","{""categories"": [""Watches""], ""maximum_price"": 150.0, ""_pending_bridge_version"": ""chat_pending_bridge_v1""}",[],PASS,,Observed behavior matched the automated diagnostic expectation.,200,1.851227,"[{""product_id"": ""B0BG65PQ9F"", ""numeric_db_price"": 63.0, ""reconstructed_card_price"": null, ""price_display"": null}, {""product_id"": ""B071D37SF9"", ""numeric_db_price"": 22.0, ""reconstructed_card_price"": null, ""price_display"": null}, {""product_id"": ""B01M636GNK"", ""numeric_db_price"": 36.4, ""reconstructed_card_price"": null, ""price_display"": null}, {""product_id"": ""B01I9OMC2C"", ""numeric_db_price"": 37.73, ""reconstructed_card_price"": null, ""price_display"": null}, {""product_id"": ""B08X2X5YN5"", ""numeric_db_price"": 13.59, ""reconstructed_card_price"": null, ""price_display"": null}, {""product_id"": ""B000GAYQKY"", ""numeric_db_price"": 52.92, ""reconstructed_card_price"": null, ""price_display"": null}, {""product_id"": ""B01M4I8D07"", ""numeric_db_price"": 32.9, ""reconstructed_card_price"": null, ""price_display"": null}, {""product_id"": ""B09S4VHC1B"", ""numeric_db_price"": 49.92, ""reconstructed_card_price"": null, ""price_display"": null}, {""product_id"": ""B001AWZDA4"", ""numeric_db_price"": 21.92, ""reconstructed_card_price"": null, ""price_display"": null}, {""product_id"": ""B01AYFTRJA"", ""numeric_db_price"": 19.99, ""reconstructed_card_price"": null, ""price_display"": null}]"
S054,RELATIVE_REFINEMENT,142,2,Anything cheaper?,Understand relative cheaper refinement using prior results.,{},"{""profile_id"": ""account_10_7c280d1d4b3d"", ""categories"": [""Watches""], ""brands"": [], ""colors"": [], ""materials"": [], ""sizes"": [], ""occasions"": [], ""minimum_price"": null, ""maximum_price"": 150.0, ""currency"": ""USD"", ""destination"": null, ""timeframe"": null, ""top_brand_mode"": false, ""active_request_text"": ""Watches under $150"", ""memory_version"": ""active_request_memory_v1"", ""_pending_bridge_version"": ""chat_pending_bridge_v1""}",I updated your previous shopping request.  - Product: Watches - Maximum price: $150  I found 10 exact matches satisfying the current constraints.  Prices are historical dataset prices and may differ from current Amazon prices.,"[""B0BG65PQ9F"", ""B071D37SF9"", ""B01M636GNK"", ""B01I9OMC2C"", ""B08X2X5YN5"", ""B000GAYQKY"", ""B01M4I8D07"", ""B09S4VHC1B"", ""B001AWZDA4"", ""B01AYFTRJA""]","{""categories"": [""Watches""], ""maximum_price"": 150.0, ""_pending_bridge_version"": ""chat_pending_bridge_v1""}",[],FAIL,CONVERSATION_RESPONSE,Relative refinement was ignored and the same deterministic product set/order was returned.,200,1.804472,"[{""product_id"": ""B0BG65PQ9F"", ""numeric_db_price"": 63.0, ""reconstructed_card_price"": null, ""price_display"": null}, {""product_id"": ""B071D37SF9"", ""numeric_db_price"": 22.0, ""reconstructed_card_price"": null, ""price_display"": null}, {""product_id"": ""B01M636GNK"", ""numeric_db_price"": 36.4, ""reconstructed_card_price"": null, ""price_display"": null}, {""product_id"": ""B01I9OMC2C"", ""numeric_db_price"": 37.73, ""reconstructed_card_price"": null, ""price_display"": null}, {""product_id"": ""B08X2X5YN5"", ""numeric_db_price"": 13.59, ""reconstructed_card_price"": null, ""price_display"": null}, {""product_id"": ""B000GAYQKY"", ""numeric_db_price"": 52.92, ""reconstructed_card_price"": null, ""price_display"": null}, {""product_id"": ""B01M4I8D07"", ""numeric_db_price"": 32.9, ""reconstructed_card_price"": null, ""price_display"": null}, {""product_id"": ""B09S4VHC1B"", ""numeric_db_price"": 49.92, ""reconstructed_card_price"": null, ""price_display"": null}, {""product_id"": ""B001AWZDA4"", ""numeric_db_price"": 21.92, ""reconstructed_card_price"": null, ""price_display"": null}, {""product_id"": ""B01AYFTRJA"", ""numeric_db_price"": 19.99, ""reconstructed_card_price"": null, ""price_display"": null}]"
S055,RELATIVE_REFINEMENT,143,1,Show me shoes.,Understand relative rating refinement using prior results.,{},"{""profile_id"": ""account_10_7c280d1d4b3d"", ""categories"": [""Shoes""], ""brands"": [], ""colors"": [], ""materials"": [], ""sizes"": [], ""occasions"": [], ""minimum_price"": null, ""maximum_price"": null, ""currency"": ""USD"", ""destination"": null, ""timeframe"": null, ""top_brand_mode"": false, ""active_request_text"": ""Shoes"", ""memory_version"": ""active_request_memory_v1"", ""_pending_bridge_version"": ""chat_pending_bridge_v1""}",I understood your shopping request.  - Product: Shoes - Maximum price: flexible  I found 10 exact matches satisfying the current constraints.  Prices are historical dataset prices and may differ from current Amazon prices.,"[""B07BZGVBF7"", ""B08134XNNB"", ""B00DJSRER2"", ""B09DTQXJDP"", ""B07W5J6XMP"", ""B01M17LSEE"", ""B0922DBSLN"", ""B07JPYSNDP"", ""B0BYNY3FQR"", ""B00Q4V24RQ""]","{""categories"": [""Shoes""], ""_pending_bridge_version"": ""chat_pending_bridge_v1""}",[],PASS,,Observed behavior matched the automated diagnostic expectation.,200,2.308656,"[{""product_id"": ""B07BZGVBF7"", ""numeric_db_price"": 31.62, ""reconstructed_card_price"": null, ""price_display"": null}, {""product_id"": ""B08134XNNB"", ""numeric_db_price"": 34.99, ""reconstructed_card_price"": null, ""price_display"": null}, {""product_id"": ""B00DJSRER2"", ""numeric_db_price"": 45.0, ""reconstructed_card_price"": null, ""price_display"": null}, {""product_id"": ""B09DTQXJDP"", ""numeric_db_price"": 23.99, ""reconstructed_card_price"": null, ""price_display"": null}, {""product_id"": ""B07W5J6XMP"", ""numeric_db_price"": 39.99, ""reconstructed_card_price"": null, ""price_display"": null}, {""product_id"": ""B01M17LSEE"", ""numeric_db_price"": 127.24, ""reconstructed_card_price"": null, ""price_display"": null}, {""product_id"": ""B0922DBSLN"", ""numeric_db_price"": 49.95, ""reconstructed_card_price"": null, ""price_display"": null}, {""product_id"": ""B07JPYSNDP"", ""numeric_db_price"": 11.99, ""reconstructed_card_price"": null, ""price_display"": null}, {""product_id"": ""B0BYNY3FQR"", ""numeric_db_price"": 42.9, ""reconstructed_card_price"": null, ""price_display"": null}, {""product_id"": ""B00Q4V24RQ"", ""numeric_db_price"": 57.95, ""reconstructed_card_price"": null, ""price_display"": null}]"
S055,RELATIVE_REFINEMENT,143,2,Show me higher-rated ones.,Understand relative rating refinement using prior results.,{},"{""profile_id"": ""account_10_7c280d1d4b3d"", ""categories"": [""Shoes""], ""brands"": [], ""colors"": [], ""materials"": [], ""sizes"": [], ""occasions"": [], ""minimum_price"": null, ""maximum_price"": null, ""currency"": ""USD"", ""destination"": null, ""timeframe"": null, ""top_brand_mode"": false, ""active_request_text"": ""Shoes"", ""memory_version"": ""active_request_memory_v1"", ""_pending_bridge_version"": ""chat_pending_bridge_v1""}",I updated your previous shopping request.  - Product: Shoes - Maximum price: flexible  I found 10 exact matches satisfying the current constraints.  Prices are historical dataset prices and may differ from current Amazon prices.,"[""B07BZGVBF7"", ""B08134XNNB"", ""B00DJSRER2"", ""B09DTQXJDP"", ""B07W5J6XMP"", ""B01M17LSEE"", ""B0922DBSLN"", ""B07JPYSNDP"", ""B0BYNY3FQR"", ""B00Q4V24RQ""]","{""categories"": [""Shoes""], ""_pending_bridge_version"": ""chat_pending_bridge_v1""}",[],FAIL,CONVERSATION_RESPONSE,Relative refinement was ignored and the same deterministic product set/order was returned.,200,2.187381,"[{""product_id"": ""B07BZGVBF7"", ""numeric_db_price"": 31.62, ""reconstructed_card_price"": null, ""price_display"": null}, {""product_id"": ""B08134XNNB"", ""numeric_db_price"": 34.99, ""reconstructed_card_price"": null, ""price_display"": null}, {""product_id"": ""B00DJSRER2"", ""numeric_db_price"": 45.0, ""reconstructed_card_price"": null, ""price_display"": null}, {""product_id"": ""B09DTQXJDP"", ""numeric_db_price"": 23.99, ""reconstructed_card_price"": null, ""price_display"": null}, {""product_id"": ""B07W5J6XMP"", ""numeric_db_price"": 39.99, ""reconstructed_card_price"": null, ""price_display"": null}, {""product_id"": ""B01M17LSEE"", ""numeric_db_price"": 127.24, ""reconstructed_card_price"": null, ""price_display"": null}, {""product_id"": ""B0922DBSLN"", ""numeric_db_price"": 49.95, ""reconstructed_card_price"": null, ""price_display"": null}, {""product_id"": ""B07JPYSNDP"", ""numeric_db_price"": 11.99, ""reconstructed_card_price"": null, ""price_display"": null}, {""product_id"": ""B0BYNY3FQR"", ""numeric_db_price"": 42.9, ""reconstructed_card_price"": null, ""price_display"": null}, {""product_id"": ""B00Q4V24RQ"", ""numeric_db_price"": 57.95, ""reconstructed_card_price"": null, ""price_display"": null}]"
S056,RELATIVE_REFINEMENT,144,1,Show me jackets.,Understand cheapest refinement using available catalogue price.,{},"{""profile_id"": ""account_10_7c280d1d4b3d"", ""categories"": [""Jackets""], ""brands"": [], ""colors"": [], ""materials"": [], ""sizes"": [], ""occasions"": [], ""minimum_price"": null, ""maximum_price"": null, ""currency"": ""USD"", ""destination"": null, ""timeframe"": null, ""top_brand_mode"": false, ""active_request_text"": ""Jackets"", ""memory_version"": ""active_request_memory_v1"", ""_pending_bridge_version"": ""chat_pending_bridge_v1""}",I understood your shopping request.  - Product: Jackets - Maximum price: flexible  I found 10 exact matches satisfying the current constraints.  Prices are historical dataset prices and may differ from current Amazon prices.,"[""B0BLXPNPQV"", ""B0084AVW7I"", ""B0BFQBC58T"", ""B0B18B6FGH"", ""B08JJJV897"", ""B0BHTPQ72V"", ""B09HDMWRTX"", ""B09M6QR4BP"", ""B08224J2ZG"", ""B00NHO4WCS""]","{""categories"": [""Jackets""], ""_pending_bridge_version"": ""chat_pending_bridge_v1""}",[],PASS,,Observed behavior matched the automated diagnostic expectation.,200,1.733301,"[{""product_id"": ""B0BLXPNPQV"", ""numeric_db_price"": 44.99, ""reconstructed_card_price"": null, ""price_display"": null}, {""product_id"": ""B0084AVW7I"", ""numeric_db_price"": 44.99, ""reconstructed_card_price"": null, ""price_display"": null}, {""product_id"": ""B0BFQBC58T"", ""numeric_db_price"": 23.92, ""reconstructed_card_price"": null, ""price_display"": null}, {""product_id"": ""B0B18B6FGH"", ""numeric_db_price"": 49.95, ""reconstructed_card_price"": null, ""price_display"": null}, {""product_id"": ""B08JJJV897"", ""numeric_db_price"": 38.99, ""reconstructed_card_price"": null, ""price_display"": null}, {""product_id"": ""B0BHTPQ72V"", ""numeric_db_price"": 179.99, ""reconstructed_card_price"": null, ""price_display"": null}, {""product_id"": ""B09HDMWRTX"", ""numeric_db_price"": 39.99, ""reconstructed_card_price"": null, ""price_display"": null}, {""product_id"": ""B09M6QR4BP"", ""numeric_db_price"": 69.97, ""reconstructed_card_price"": null, ""price_display"": null}, {""product_id"": ""B08224J2ZG"", ""numeric_db_price"": 49.99, ""reconstructed_card_price"": null, ""price_display"": null}, {""product_id"": ""B00NHO4WCS"", ""numeric_db_price"": 69.97, ""reconstructed_card_price"": null, ""price_display"": null}]"
S056,RELATIVE_REFINEMENT,144,2,Show me the cheapest.,Understand cheapest refinement using available catalogue price.,{},"{""profile_id"": ""account_10_7c280d1d4b3d"", ""categories"": [""Jackets""], ""brands"": [], ""colors"": [], ""materials"": [], ""sizes"": [], ""occasions"": [], ""minimum_price"": null, ""maximum_price"": null, ""currency"": ""USD"", ""destination"": null, ""timeframe"": null, ""top_brand_mode"": false, ""active_request_text"": ""Jackets"", ""memory_version"": ""active_request_memory_v1"", ""_pending_bridge_version"": ""chat_pending_bridge_v1""}",I updated your previous shopping request.  - Product: Jackets - Maximum price: flexible  I found 10 exact matches satisfying the current constraints.  Prices are historical dataset prices and may differ from current Amazon prices.,"[""B0BLXPNPQV"", ""B0084AVW7I"", ""B0BFQBC58T"", ""B0B18B6FGH"", ""B08JJJV897"", ""B0BHTPQ72V"", ""B09HDMWRTX"", ""B09M6QR4BP"", ""B08224J2ZG"", ""B00NHO4WCS""]","{""categories"": [""Jackets""], ""_pending_bridge_version"": ""chat_pending_bridge_v1""}",[],FAIL,CONVERSATION_RESPONSE,Relative refinement was ignored and the same deterministic product set/order was returned.,200,1.650143,"[{""product_id"": ""B0BLXPNPQV"", ""numeric_db_price"": 44.99, ""reconstructed_card_price"": null, ""price_display"": null}, {""product_id"": ""B0084AVW7I"", ""numeric_db_price"": 44.99, ""reconstructed_card_price"": null, ""price_display"": null}, {""product_id"": ""B0BFQBC58T"", ""numeric_db_price"": 23.92, ""reconstructed_card_price"": null, ""price_display"": null}, {""product_id"": ""B0B18B6FGH"", ""numeric_db_price"": 49.95, ""reconstructed_card_price"": null, ""price_display"": null}, {""product_id"": ""B08JJJV897"", ""numeric_db_price"": 38.99, ""reconstructed_card_price"": null, ""price_display"": null}, {""product_id"": ""B0BHTPQ72V"", ""numeric_db_price"": 179.99, ""reconstructed_card_price"": null, ""price_display"": null}, {""product_id"": ""B09HDMWRTX"", ""numeric_db_price"": 39.99, ""reconstructed_card_price"": null, ""price_display"": null}, {""product_id"": ""B09M6QR4BP"", ""numeric_db_price"": 69.97, ""reconstructed_card_price"": null, ""price_display"": null}, {""product_id"": ""B08224J2ZG"", ""numeric_db_price"": 49.99, ""reconstructed_card_price"": null, ""price_display"": null}, {""product_id"": ""B00NHO4WCS"", ""numeric_db_price"": 69.97, ""reconstructed_card_price"": null, ""price_display"": null}]"
S057,RELATIVE_REFINEMENT,145,1,Show me watches.,Use available review counts to identify the most-reviewed prior result.,{},"{""profile_id"": ""account_10_7c280d1d4b3d"", ""categories"": [""Watches""], ""brands"": [], ""colors"": [], ""materials"": [], ""sizes"": [], ""occasions"": [], ""minimum_price"": null, ""maximum_price"": null, ""currency"": ""USD"", ""destination"": null, ""timeframe"": null, ""top_brand_mode"": false, ""active_request_text"": ""Watches"", ""memory_version"": ""active_request_memory_v1"", ""_pending_bridge_version"": ""chat_pending_bridge_v1""}",I understood your shopping request.  - Product: Watches - Maximum price: flexible  I found 10 exact matches satisfying the current constraints.  Prices are historical dataset prices and may differ from current Amazon prices.,"[""B0BG65PQ9F"", ""B071D37SF9"", ""B01M636GNK"", ""B01I9OMC2C"", ""B08X2X5YN5"", ""B000GAYQKY"", ""B01M4I8D07"", ""B09S4VHC1B"", ""B001AWZDA4"", ""B01AYFTRJA""]","{""categories"": [""Watches""], ""_pending_bridge_version"": ""chat_pending_bridge_v1""}",[],PASS,,Observed behavior matched the automated diagnostic expectation.,200,1.771717,"[{""product_id"": ""B0BG65PQ9F"", ""numeric_db_price"": 63.0, ""reconstructed_card_price"": null, ""price_display"": null}, {""product_id"": ""B071D37SF9"", ""numeric_db_price"": 22.0, ""reconstructed_card_price"": null, ""price_display"": null}, {""product_id"": ""B01M636GNK"", ""numeric_db_price"": 36.4, ""reconstructed_card_price"": null, ""price_display"": null}, {""product_id"": ""B01I9OMC2C"", ""numeric_db_price"": 37.73, ""reconstructed_card_price"": null, ""price_display"": null}, {""product_id"": ""B08X2X5YN5"", ""numeric_db_price"": 13.59, ""reconstructed_card_price"": null, ""price_display"": null}, {""product_id"": ""B000GAYQKY"", ""numeric_db_price"": 52.92, ""reconstructed_card_price"": null, ""price_display"": null}, {""product_id"": ""B01M4I8D07"", ""numeric_db_price"": 32.9, ""reconstructed_card_price"": null, ""price_display"": null}, {""product_id"": ""B09S4VHC1B"", ""numeric_db_price"": 49.92, ""reconstructed_card_price"": null, ""price_display"": null}, {""product_id"": ""B001AWZDA4"", ""numeric_db_price"": 21.92, ""reconstructed_card_price"": null, ""price_display"": null}, {""product_id"": ""B01AYFTRJA"", ""numeric_db_price"": 19.99, ""reconstructed_card_price"": null, ""price_display"": null}]"
S057,RELATIVE_REFINEMENT,145,2,Which has the most reviews?,Use available review counts to identify the most-reviewed prior result.,{},"{""profile_id"": ""account_10_7c280d1d4b3d"", ""categories"": [""Watches""], ""brands"": [], ""colors"": [], ""materials"": [], ""sizes"": [], ""occasions"": [], ""minimum_price"": null, ""maximum_price"": null, ""currency"": ""USD"", ""destination"": null, ""timeframe"": null, ""top_brand_mode"": false, ""active_request_text"": ""Watches"", ""memory_version"": ""active_request_memory_v1"", ""_pending_bridge_version"": ""chat_pending_bridge_v1""}",I updated your previous shopping request.  - Product: Watches - Maximum price: flexible  I found 10 exact matches satisfying the current constraints.  Prices are historical dataset prices and may differ from current Amazon prices.,"[""B0BG65PQ9F"", ""B071D37SF9"", ""B01M636GNK"", ""B01I9OMC2C"", ""B08X2X5YN5"", ""B000GAYQKY"", ""B01M4I8D07"", ""B09S4VHC1B"", ""B001AWZDA4"", ""B01AYFTRJA""]","{""categories"": [""Watches""], ""_pending_bridge_version"": ""chat_pending_bridge_v1""}",[],FAIL,CONVERSATION_RESPONSE,Relative refinement was ignored and the same deterministic product set/order was returned.,200,1.806793,"[{""product_id"": ""B0BG65PQ9F"", ""numeric_db_price"": 63.0, ""reconstructed_card_price"": null, ""price_display"": null}, {""product_id"": ""B071D37SF9"", ""numeric_db_price"": 22.0, ""reconstructed_card_price"": null, ""price_display"": null}, {""product_id"": ""B01M636GNK"", ""numeric_db_price"": 36.4, ""reconstructed_card_price"": null, ""price_display"": null}, {""product_id"": ""B01I9OMC2C"", ""numeric_db_price"": 37.73, ""reconstructed_card_price"": null, ""price_display"": null}, {""product_id"": ""B08X2X5YN5"", ""numeric_db_price"": 13.59, ""reconstructed_card_price"": null, ""price_display"": null}, {""product_id"": ""B000GAYQKY"", ""numeric_db_price"": 52.92, ""reconstructed_card_price"": null, ""price_display"": null}, {""product_id"": ""B01M4I8D07"", ""numeric_db_price"": 32.9, ""reconstructed_card_price"": null, ""price_display"": null}, {""product_id"": ""B09S4VHC1B"", ""numeric_db_price"": 49.92, ""reconstructed_card_price"": null, ""price_display"": null}, {""product_id"": ""B001AWZDA4"", ""numeric_db_price"": 21.92, ""reconstructed_card_price"": null, ""price_display"": null}, {""product_id"": ""B01AYFTRJA"", ""numeric_db_price"": 19.99, ""reconstructed_card_price"": null, ""price_display"": null}]"
S058,RELATIVE_REFINEMENT,146,1,Show me t-shirts.,Handle ambiguous better-options request realistically or clarify.,{},"{""profile_id"": ""account_10_7c280d1d4b3d"", ""categories"": [""T-Shirts"", ""Shirts""], ""brands"": [], ""colors"": [], ""materials"": [], ""sizes"": [], ""occasions"": [], ""minimum_price"": null, ""maximum_price"": null, ""currency"": ""USD"", ""destination"": null, ""timeframe"": null, ""top_brand_mode"": false, ""active_request_text"": ""T-Shirts Shirts"", ""memory_version"": ""active_request_memory_v1"", ""_pending_bridge_version"": ""chat_pending_bridge_v1""}","I understood your shopping request.  - Product: T-Shirts, Shirts - Maximum price: flexible  I found 10 exact matches satisfying the current constraints.  Prices are historical dataset prices and may differ from current Amazon prices.","[""B07TVHSDMQ"", ""B0BZDLXKTS"", ""B08R8W8GP9"", ""B09DPVPZHY"", ""B07QN1V2LF"", ""B07T7RFKSR"", ""B0C2D3BMC8"", ""B0C4HS52X9"", ""B09Y3V1P78"", ""B07KCN4G6T""]","{""categories"": [""T-Shirts"", ""Shirts""], ""_pending_bridge_version"": ""chat_pending_bridge_v1""}",[],PASS,,Observed behavior matched the automated diagnostic expectation.,200,1.918229,"[{""product_id"": ""B07TVHSDMQ"", ""numeric_db_price"": 17.99, ""reconstructed_card_price"": null, ""price_display"": null}, {""product_id"": ""B0BZDLXKTS"", ""numeric_db_price"": 21.99, ""reconstructed_card_price"": null, ""price_display"": null}, {""product_id"": ""B08R8W8GP9"", ""numeric_db_price"": 23.95, ""reconstructed_card_price"": null, ""price_display"": null}, {""product_id"": ""B09DPVPZHY"", ""numeric_db_price"": 17.99, ""reconstructed_card_price"": null, ""price_display"": null}, {""product_id"": ""B07QN1V2LF"", ""numeric_db_price"": 25.99, ""reconstructed_card_price"": null, ""price_display"": null}, {""product_id"": ""B07T7RFKSR"", ""numeric_db_price"": 19.99, ""reconstructed_card_price"": null, ""price_display"": null}, {""product_id"": ""B0C2D3BMC8"", ""numeric_db_price"": 14.0, ""reconstructed_card_price"": null, ""price_display"": null}, {""product_id"": ""B0C4HS52X9"", ""numeric_db_price"": 21.33, ""reconstructed_card_price"": null, ""price_display"": null}, {""product_id"": ""B09Y3V1P78"", ""numeric_db_price"": 18.75, ""reconstructed_card_price"": null, ""price_display"": null}, {""product_id"": ""B07KCN4G6T"", ""numeric_db_price"": 38.3, ""reconstructed_card_price"": null, ""price_display"": null}]"
S058,RELATIVE_REFINEMENT,146,2,Give me better options.,Handle ambiguous better-options request realistically or clarify.,{},"{""profile_id"": ""account_10_7c280d1d4b3d"", ""categories"": [""T-Shirts"", ""Shirts""], ""brands"": [], ""colors"": [], ""materials"": [], ""sizes"": [], ""occasions"": [], ""minimum_price"": null, ""maximum_price"": null, ""currency"": ""USD"", ""destination"": null, ""timeframe"": null, ""top_brand_mode"": false, ""active_request_text"": ""T-Shirts Shirts"", ""memory_version"": ""active_request_memory_v1"", ""_pending_bridge_version"": ""chat_pending_bridge_v1""}","I updated your previous shopping request.  - Product: T-Shirts, Shirts - Maximum price: flexible  I found 10 exact matches satisfying the current constraints.  Prices are historical dataset prices and may differ from current Amazon prices.","[""B07TVHSDMQ"", ""B0BZDLXKTS"", ""B08R8W8GP9"", ""B09DPVPZHY"", ""B07QN1V2LF"", ""B07T7RFKSR"", ""B0C2D3BMC8"", ""B0C4HS52X9"", ""B09Y3V1P78"", ""B07KCN4G6T""]","{""categories"": [""T-Shirts"", ""Shirts""], ""_pending_bridge_version"": ""chat_pending_bridge_v1""}",[],FAIL,CONVERSATION_RESPONSE,Relative refinement was ignored and the same deterministic product set/order was returned.,200,1.99282,"[{""product_id"": ""B07TVHSDMQ"", ""numeric_db_price"": 17.99, ""reconstructed_card_price"": null, ""price_display"": null}, {""product_id"": ""B0BZDLXKTS"", ""numeric_db_price"": 21.99, ""reconstructed_card_price"": null, ""price_display"": null}, {""product_id"": ""B08R8W8GP9"", ""numeric_db_price"": 23.95, ""reconstructed_card_price"": null, ""price_display"": null}, {""product_id"": ""B09DPVPZHY"", ""numeric_db_price"": 17.99, ""reconstructed_card_price"": null, ""price_display"": null}, {""product_id"": ""B07QN1V2LF"", ""numeric_db_price"": 25.99, ""reconstructed_card_price"": null, ""price_display"": null}, {""product_id"": ""B07T7RFKSR"", ""numeric_db_price"": 19.99, ""reconstructed_card_price"": null, ""price_display"": null}, {""product_id"": ""B0C2D3BMC8"", ""numeric_db_price"": 14.0, ""reconstructed_card_price"": null, ""price_display"": null}, {""product_id"": ""B0C4HS52X9"", ""numeric_db_price"": 21.33, ""reconstructed_card_price"": null, ""price_display"": null}, {""product_id"": ""B09Y3V1P78"", ""numeric_db_price"": 18.75, ""reconstructed_card_price"": null, ""price_display"": null}, {""product_id"": ""B07KCN4G6T"", ""numeric_db_price"": 38.3, ""reconstructed_card_price"": null, ""price_display"": null}]"
S059,RESULT_REFERENCES,147,1,Show me Nike shoes.,Resolve the first prior result and use its catalogue evidence.,{},"{""profile_id"": ""account_10_7c280d1d4b3d"", ""categories"": [""Shoes""], ""brands"": [""Nike""], ""colors"": [], ""materials"": [], ""sizes"": [], ""occasions"": [], ""minimum_price"": null, ""maximum_price"": null, ""currency"": ""USD"", ""destination"": null, ""timeframe"": null, ""top_brand_mode"": false, ""active_request_text"": ""Shoes from Nike"", ""memory_version"": ""active_request_memory_v1"", ""_pending_bridge_version"": ""chat_pending_bridge_v1""}",I understood your shopping request.  - Product: Shoes - Brand: Nike - Maximum price: flexible  I found 10 exact matches satisfying the current constraints.  Prices are historical dataset prices and may differ from current Amazon prices.,"[""B07RJTN4CS"", ""B01D3MS79W"", ""B0753J399N"", ""B01HZR3P02"", ""B078H9Z1S5"", ""B01MRC85DW"", ""B08XX28VQ9"", ""B00P927FTI"", ""B01LWRFXMD"", ""B01MUHRR8I""]","{""categories"": [""Shoes""], ""brands"": [""Nike""], ""_pending_bridge_version"": ""chat_pending_bridge_v1""}",[],PASS,,Observed behavior matched the automated diagnostic expectation.,200,2.00192,"[{""product_id"": ""B07RJTN4CS"", ""numeric_db_price"": 74.99, ""reconstructed_card_price"": null, ""price_display"": null}, {""product_id"": ""B01D3MS79W"", ""numeric_db_price"": 29.76, ""reconstructed_card_price"": null, ""price_display"": null}, {""product_id"": ""B0753J399N"", ""numeric_db_price"": 44.0, ""reconstructed_card_price"": null, ""price_display"": null}, {""product_id"": ""B01HZR3P02"", ""numeric_db_price"": 99.0, ""reconstructed_card_price"": null, ""price_display"": null}, {""product_id"": ""B078H9Z1S5"", ""numeric_db_price"": 103.59, ""reconstructed_card_price"": null, ""price_display"": null}, {""product_id"": ""B01MRC85DW"", ""numeric_db_price"": 73.93, ""reconstructed_card_price"": null, ""price_display"": null}, {""product_id"": ""B08XX28VQ9"", ""numeric_db_price"": 34.99, ""reconstructed_card_price"": null, ""price_display"": null}, {""product_id"": ""B00P927FTI"", ""numeric_db_price"": 105.97, ""reconstructed_card_price"": null, ""price_display"": null}, {""product_id"": ""B01LWRFXMD"", ""numeric_db_price"": 197.5, ""reconstructed_card_price"": null, ""price_display"": null}, {""product_id"": ""B01MUHRR8I"", ""numeric_db_price"": 69.95, ""reconstructed_card_price"": null, ""price_display"": null}]"
S059,RESULT_REFERENCES,147,2,Show me more like the first one.,Resolve the first prior result and use its catalogue evidence.,{},"{""profile_id"": ""account_10_7c280d1d4b3d"", ""categories"": [""Shoes""], ""brands"": [""Nike""], ""colors"": [], ""materials"": [], ""sizes"": [], ""occasions"": [], ""minimum_price"": null, ""maximum_price"": null, ""currency"": ""USD"", ""destination"": null, ""timeframe"": null, ""top_brand_mode"": false, ""active_request_text"": ""Shoes from Nike"", ""memory_version"": ""active_request_memory_v1"", ""_pending_bridge_version"": ""chat_pending_bridge_v1""}",I updated your previous shopping request.  - Product: Shoes - Brand: Nike - Maximum price: flexible  I found 10 exact matches satisfying the current constraints.  Prices are historical dataset prices and may differ from current Amazon prices.,"[""B07RJTN4CS"", ""B01D3MS79W"", ""B0753J399N"", ""B01HZR3P02"", ""B078H9Z1S5"", ""B01MRC85DW"", ""B08XX28VQ9"", ""B00P927FTI"", ""B01LWRFXMD"", ""B01MUHRR8I""]","{""categories"": [""Shoes""], ""brands"": [""Nike""], ""_pending_bridge_version"": ""chat_pending_bridge_v1""}",[],FAIL,RESULT_REFERENCE,The ordinal/reference request was not resolved; the engine repeated ordinary recommendation behavior instead of answering about prior products.,200,2.04792,"[{""product_id"": ""B07RJTN4CS"", ""numeric_db_price"": 74.99, ""reconstructed_card_price"": null, ""price_display"": null}, {""product_id"": ""B01D3MS79W"", ""numeric_db_price"": 29.76, ""reconstructed_card_price"": null, ""price_display"": null}, {""product_id"": ""B0753J399N"", ""numeric_db_price"": 44.0, ""reconstructed_card_price"": null, ""price_display"": null}, {""product_id"": ""B01HZR3P02"", ""numeric_db_price"": 99.0, ""reconstructed_card_price"": null, ""price_display"": null}, {""product_id"": ""B078H9Z1S5"", ""numeric_db_price"": 103.59, ""reconstructed_card_price"": null, ""price_display"": null}, {""product_id"": ""B01MRC85DW"", ""numeric_db_price"": 73.93, ""reconstructed_card_price"": null, ""price_display"": null}, {""product_id"": ""B08XX28VQ9"", ""numeric_db_price"": 34.99, ""reconstructed_card_price"": null, ""price_display"": null}, {""product_id"": ""B00P927FTI"", ""numeric_db_price"": 105.97, ""reconstructed_card_price"": null, ""price_display"": null}, {""product_id"": ""B01LWRFXMD"", ""numeric_db_price"": 197.5, ""reconstructed_card_price"": null, ""price_display"": null}, {""product_id"": ""B01MUHRR8I"", ""numeric_db_price"": 69.95, ""reconstructed_card_price"": null, ""price_display"": null}]"
S060,RESULT_REFERENCES,148,1,Show me watches.,Resolve and describe the second prior result without fabrication.,{},"{""profile_id"": ""account_10_7c280d1d4b3d"", ""categories"": [""Watches""], ""brands"": [], ""colors"": [], ""materials"": [], ""sizes"": [], ""occasions"": [], ""minimum_price"": null, ""maximum_price"": null, ""currency"": ""USD"", ""destination"": null, ""timeframe"": null, ""top_brand_mode"": false, ""active_request_text"": ""Watches"", ""memory_version"": ""active_request_memory_v1"", ""_pending_bridge_version"": ""chat_pending_bridge_v1""}",I understood your shopping request.  - Product: Watches - Maximum price: flexible  I found 10 exact matches satisfying the current constraints.  Prices are historical dataset prices and may differ from current Amazon prices.,"[""B0BG65PQ9F"", ""B071D37SF9"", ""B01M636GNK"", ""B01I9OMC2C"", ""B08X2X5YN5"", ""B000GAYQKY"", ""B01M4I8D07"", ""B09S4VHC1B"", ""B001AWZDA4"", ""B01AYFTRJA""]","{""categories"": [""Watches""], ""_pending_bridge_version"": ""chat_pending_bridge_v1""}",[],PASS,,Observed behavior matched the automated diagnostic expectation.,200,1.705137,"[{""product_id"": ""B0BG65PQ9F"", ""numeric_db_price"": 63.0, ""reconstructed_card_price"": null, ""price_display"": null}, {""product_id"": ""B071D37SF9"", ""numeric_db_price"": 22.0, ""reconstructed_card_price"": null, ""price_display"": null}, {""product_id"": ""B01M636GNK"", ""numeric_db_price"": 36.4, ""reconstructed_card_price"": null, ""price_display"": null}, {""product_id"": ""B01I9OMC2C"", ""numeric_db_price"": 37.73, ""reconstructed_card_price"": null, ""price_display"": null}, {""product_id"": ""B08X2X5YN5"", ""numeric_db_price"": 13.59, ""reconstructed_card_price"": null, ""price_display"": null}, {""product_id"": ""B000GAYQKY"", ""numeric_db_price"": 52.92, ""reconstructed_card_price"": null, ""price_display"": null}, {""product_id"": ""B01M4I8D07"", ""numeric_db_price"": 32.9, ""reconstructed_card_price"": null, ""price_display"": null}, {""product_id"": ""B09S4VHC1B"", ""numeric_db_price"": 49.92, ""reconstructed_card_price"": null, ""price_display"": null}, {""product_id"": ""B001AWZDA4"", ""numeric_db_price"": 21.92, ""reconstructed_card_price"": null, ""price_display"": null}, {""product_id"": ""B01AYFTRJA"", ""numeric_db_price"": 19.99, ""reconstructed_card_price"": null, ""price_display"": null}]"
S060,RESULT_REFERENCES,148,2,Tell me about the second product.,Resolve and describe the second prior result without fabrication.,{},"{""profile_id"": ""account_10_7c280d1d4b3d"", ""categories"": [""Watches""], ""brands"": [], ""colors"": [], ""materials"": [], ""sizes"": [], ""occasions"": [], ""minimum_price"": null, ""maximum_price"": null, ""currency"": ""USD"", ""destination"": null, ""timeframe"": null, ""top_brand_mode"": false, ""active_request_text"": ""Watches"", ""memory_version"": ""active_request_memory_v1"", ""_pending_bridge_version"": ""chat_pending_bridge_v1""}",I updated your previous shopping request.  - Product: Watches - Maximum price: flexible  I found 10 exact matches satisfying the current constraints.  Prices are historical dataset prices and may differ from current Amazon prices.,"[""B0BG65PQ9F"", ""B071D37SF9"", ""B01M636GNK"", ""B01I9OMC2C"", ""B08X2X5YN5"", ""B000GAYQKY"", ""B01M4I8D07"", ""B09S4VHC1B"", ""B001AWZDA4"", ""B01AYFTRJA""]","{""categories"": [""Watches""], ""_pending_bridge_version"": ""chat_pending_bridge_v1""}",[],FAIL,RESULT_REFERENCE,The ordinal/reference request was not resolved; the engine repeated ordinary recommendation behavior instead of answering about prior products.,200,1.907994,"[{""product_id"": ""B0BG65PQ9F"", ""numeric_db_price"": 63.0, ""reconstructed_card_price"": null, ""price_display"": null}, {""product_id"": ""B071D37SF9"", ""numeric_db_price"": 22.0, ""reconstructed_card_price"": null, ""price_display"": null}, {""product_id"": ""B01M636GNK"", ""numeric_db_price"": 36.4, ""reconstructed_card_price"": null, ""price_display"": null}, {""product_id"": ""B01I9OMC2C"", ""numeric_db_price"": 37.73, ""reconstructed_card_price"": null, ""price_display"": null}, {""product_id"": ""B08X2X5YN5"", ""numeric_db_price"": 13.59, ""reconstructed_card_price"": null, ""price_display"": null}, {""product_id"": ""B000GAYQKY"", ""numeric_db_price"": 52.92, ""reconstructed_card_price"": null, ""price_display"": null}, {""product_id"": ""B01M4I8D07"", ""numeric_db_price"": 32.9, ""reconstructed_card_price"": null, ""price_display"": null}, {""product_id"": ""B09S4VHC1B"", ""numeric_db_price"": 49.92, ""reconstructed_card_price"": null, ""price_display"": null}, {""product_id"": ""B001AWZDA4"", ""numeric_db_price"": 21.92, ""reconstructed_card_price"": null, ""price_display"": null}, {""product_id"": ""B01AYFTRJA"", ""numeric_db_price"": 19.99, ""reconstructed_card_price"": null, ""price_display"": null}]"
S061,RESULT_REFERENCES,149,1,Show me jackets.,Resolve the third result and explain using available match evidence.,{},"{""profile_id"": ""account_10_7c280d1d4b3d"", ""categories"": [""Jackets""], ""brands"": [], ""colors"": [], ""materials"": [], ""sizes"": [], ""occasions"": [], ""minimum_price"": null, ""maximum_price"": null, ""currency"": ""USD"", ""destination"": null, ""timeframe"": null, ""top_brand_mode"": false, ""active_request_text"": ""Jackets"", ""memory_version"": ""active_request_memory_v1"", ""_pending_bridge_version"": ""chat_pending_bridge_v1""}",I understood your shopping request.  - Product: Jackets - Maximum price: flexible  I found 10 exact matches satisfying the current constraints.  Prices are historical dataset prices and may differ from current Amazon prices.,"[""B0BLXPNPQV"", ""B0084AVW7I"", ""B0BFQBC58T"", ""B0B18B6FGH"", ""B08JJJV897"", ""B0BHTPQ72V"", ""B09HDMWRTX"", ""B09M6QR4BP"", ""B08224J2ZG"", ""B00NHO4WCS""]","{""categories"": [""Jackets""], ""_pending_bridge_version"": ""chat_pending_bridge_v1""}",[],PASS,,Observed behavior matched the automated diagnostic expectation.,200,1.944716,"[{""product_id"": ""B0BLXPNPQV"", ""numeric_db_price"": 44.99, ""reconstructed_card_price"": null, ""price_display"": null}, {""product_id"": ""B0084AVW7I"", ""numeric_db_price"": 44.99, ""reconstructed_card_price"": null, ""price_display"": null}, {""product_id"": ""B0BFQBC58T"", ""numeric_db_price"": 23.92, ""reconstructed_card_price"": null, ""price_display"": null}, {""product_id"": ""B0B18B6FGH"", ""numeric_db_price"": 49.95, ""reconstructed_card_price"": null, ""price_display"": null}, {""product_id"": ""B08JJJV897"", ""numeric_db_price"": 38.99, ""reconstructed_card_price"": null, ""price_display"": null}, {""product_id"": ""B0BHTPQ72V"", ""numeric_db_price"": 179.99, ""reconstructed_card_price"": null, ""price_display"": null}, {""product_id"": ""B09HDMWRTX"", ""numeric_db_price"": 39.99, ""reconstructed_card_price"": null, ""price_display"": null}, {""product_id"": ""B09M6QR4BP"", ""numeric_db_price"": 69.97, ""reconstructed_card_price"": null, ""price_display"": null}, {""product_id"": ""B08224J2ZG"", ""numeric_db_price"": 49.99, ""reconstructed_card_price"": null, ""price_display"": null}, {""product_id"": ""B00NHO4WCS"", ""numeric_db_price"": 69.97, ""reconstructed_card_price"": null, ""price_display"": null}]"
S061,RESULT_REFERENCES,149,2,Why did you recommend the third one?,Resolve the third result and explain using available match evidence.,{},"{""profile_id"": ""account_10_7c280d1d4b3d"", ""categories"": [""Jackets""], ""brands"": [], ""colors"": [], ""materials"": [], ""sizes"": [], ""occasions"": [], ""minimum_price"": null, ""maximum_price"": null, ""currency"": ""USD"", ""destination"": null, ""timeframe"": null, ""top_brand_mode"": false, ""active_request_text"": ""Jackets"", ""memory_version"": ""active_request_memory_v1"", ""_pending_bridge_version"": ""chat_pending_bridge_v1""}",I updated your previous shopping request.  - Product: Jackets - Maximum price: flexible  I found 10 exact matches satisfying the current constraints.  Prices are historical dataset prices and may differ from current Amazon prices.,"[""B0BLXPNPQV"", ""B0084AVW7I"", ""B0BFQBC58T"", ""B0B18B6FGH"", ""B08JJJV897"", ""B0BHTPQ72V"", ""B09HDMWRTX"", ""B09M6QR4BP"", ""B08224J2ZG"", ""B00NHO4WCS""]","{""categories"": [""Jackets""], ""_pending_bridge_version"": ""chat_pending_bridge_v1""}",[],FAIL,RESULT_REFERENCE,The ordinal/reference request was not resolved; the engine repeated ordinary recommendation behavior instead of answering about prior products.,200,2.00898,"[{""product_id"": ""B0BLXPNPQV"", ""numeric_db_price"": 44.99, ""reconstructed_card_price"": null, ""price_display"": null}, {""product_id"": ""B0084AVW7I"", ""numeric_db_price"": 44.99, ""reconstructed_card_price"": null, ""price_display"": null}, {""product_id"": ""B0BFQBC58T"", ""numeric_db_price"": 23.92, ""reconstructed_card_price"": null, ""price_display"": null}, {""product_id"": ""B0B18B6FGH"", ""numeric_db_price"": 49.95, ""reconstructed_card_price"": null, ""price_display"": null}, {""product_id"": ""B08JJJV897"", ""numeric_db_price"": 38.99, ""reconstructed_card_price"": null, ""price_display"": null}, {""product_id"": ""B0BHTPQ72V"", ""numeric_db_price"": 179.99, ""reconstructed_card_price"": null, ""price_display"": null}, {""product_id"": ""B09HDMWRTX"", ""numeric_db_price"": 39.99, ""reconstructed_card_price"": null, ""price_display"": null}, {""product_id"": ""B09M6QR4BP"", ""numeric_db_price"": 69.97, ""reconstructed_card_price"": null, ""price_display"": null}, {""product_id"": ""B08224J2ZG"", ""numeric_db_price"": 49.99, ""reconstructed_card_price"": null, ""price_display"": null}, {""product_id"": ""B00NHO4WCS"", ""numeric_db_price"": 69.97, ""reconstructed_card_price"": null, ""price_display"": null}]"
S062,RESULT_REFERENCES,150,1,Show me adidas t-shirts.,Return the stored Amazon link for the first result.,{},"{""profile_id"": ""account_10_7c280d1d4b3d"", ""categories"": [""T-Shirts"", ""Shirts""], ""brands"": [""adidas""], ""colors"": [], ""materials"": [], ""sizes"": [], ""occasions"": [], ""minimum_price"": null, ""maximum_price"": null, ""currency"": ""USD"", ""destination"": null, ""timeframe"": null, ""top_brand_mode"": false, ""active_request_text"": ""T-Shirts Shirts from adidas"", ""memory_version"": ""active_request_memory_v1"", ""_pending_bridge_version"": ""chat_pending_bridge_v1""}","I understood your shopping request.  - Product: T-Shirts, Shirts - Brand: adidas - Maximum price: flexible  I found 10 exact matches satisfying the current constraints.  Prices are historical dataset prices and may differ from current Amazon prices.","[""B08XC9Z2J5"", ""B09H1WZSV5"", ""B08NVTDY3G"", ""B07KT4J317"", ""B0BBXKBQYY"", ""B08PZVWBTL"", ""B00ZFNRGWM"", ""B014UWAHOW"", ""B087LV6C6G"", ""B086HZX8LW""]","{""categories"": [""T-Shirts"", ""Shirts""], ""brands"": [""adidas""], ""_pending_bridge_version"": ""chat_pending_bridge_v1""}",[],PASS,,Observed behavior matched the automated diagnostic expectation.,200,2.167352,"[{""product_id"": ""B08XC9Z2J5"", ""numeric_db_price"": 15.0, ""reconstructed_card_price"": null, ""price_display"": null}, {""product_id"": ""B09H1WZSV5"", ""numeric_db_price"": 12.0, ""reconstructed_card_price"": null, ""price_display"": null}, {""product_id"": ""B08NVTDY3G"", ""numeric_db_price"": 21.9, ""reconstructed_card_price"": null, ""price_display"": null}, {""product_id"": ""B07KT4J317"", ""numeric_db_price"": 28.5, ""reconstructed_card_price"": null, ""price_display"": null}, {""product_id"": ""B0BBXKBQYY"", ""numeric_db_price"": 15.0, ""reconstructed_card_price"": null, ""price_display"": null}, {""product_id"": ""B08PZVWBTL"", ""numeric_db_price"": 29.99, ""reconstructed_card_price"": null, ""price_display"": null}, {""product_id"": ""B00ZFNRGWM"", ""numeric_db_price"": 13.98, ""reconstructed_card_price"": null, ""price_display"": null}, {""product_id"": ""B014UWAHOW"", ""numeric_db_price"": 30.99, ""reconstructed_card_price"": null, ""price_display"": null}, {""product_id"": ""B087LV6C6G"", ""numeric_db_price"": 22.34, ""reconstructed_card_price"": null, ""price_display"": null}, {""product_id"": ""B086HZX8LW"", ""numeric_db_price"": 26.73, ""reconstructed_card_price"": null, ""price_display"": null}]"
S062,RESULT_REFERENCES,150,2,Give me the Amazon link for the first one.,Return the stored Amazon link for the first result.,{},"{""profile_id"": ""account_10_7c280d1d4b3d"", ""categories"": [""Link""], ""brands"": [""Link""], ""colors"": [], ""materials"": [], ""sizes"": [], ""occasions"": [], ""minimum_price"": null, ""maximum_price"": null, ""currency"": ""USD"", ""destination"": null, ""timeframe"": null, ""top_brand_mode"": false, ""active_request_text"": ""Link from Link"", ""memory_version"": ""active_request_memory_v1"", ""_pending_bridge_version"": ""chat_pending_bridge_v1""}","I updated your previous shopping request.  - Product: Link - Brand: Link - Maximum price: flexible  I found no exact matches satisfying all of these constraints. I did not add unrelated products.  To see more results, you can allow additional brands.  Prices are historical dataset prices and may differ from current Amazon prices.",[],"{""categories"": [""Link""], ""brands"": [""Link""], ""_pending_bridge_version"": ""chat_pending_bridge_v1""}",[],FAIL,RESULT_REFERENCE,The ordinal/reference request was not resolved; the engine repeated ordinary recommendation behavior instead of answering about prior products.,200,1.647042,[]
S063,PRODUCT_COMPARISON,151,1,Show me watches under $100.,"Compare prior products using available price, rating, reviews, trust, match, brand, and category without fabricating specifications.",{},"{""profile_id"": ""account_10_7c280d1d4b3d"", ""categories"": [""Watches""], ""brands"": [], ""colors"": [], ""materials"": [], ""sizes"": [], ""occasions"": [], ""minimum_price"": null, ""maximum_price"": 100.0, ""currency"": ""USD"", ""destination"": null, ""timeframe"": null, ""top_brand_mode"": false, ""active_request_text"": ""Watches under $100"", ""memory_version"": ""active_request_memory_v1"", ""_pending_bridge_version"": ""chat_pending_bridge_v1""}",I understood your shopping request.  - Product: Watches - Maximum price: $100  I found 10 exact matches satisfying the current constraints.  Prices are historical dataset prices and may differ from current Amazon prices.,"[""B0BG65PQ9F"", ""B071D37SF9"", ""B01M636GNK"", ""B01I9OMC2C"", ""B08X2X5YN5"", ""B000GAYQKY"", ""B01M4I8D07"", ""B09S4VHC1B"", ""B001AWZDA4"", ""B01AYFTRJA""]","{""categories"": [""Watches""], ""maximum_price"": 100.0, ""_pending_bridge_version"": ""chat_pending_bridge_v1""}",[],PASS,,Observed behavior matched the automated diagnostic expectation.,200,2.063058,"[{""product_id"": ""B0BG65PQ9F"", ""numeric_db_price"": 63.0, ""reconstructed_card_price"": null, ""price_display"": null}, {""product_id"": ""B071D37SF9"", ""numeric_db_price"": 22.0, ""reconstructed_card_price"": null, ""price_display"": null}, {""product_id"": ""B01M636GNK"", ""numeric_db_price"": 36.4, ""reconstructed_card_price"": null, ""price_display"": null}, {""product_id"": ""B01I9OMC2C"", ""numeric_db_price"": 37.73, ""reconstructed_card_price"": null, ""price_display"": null}, {""product_id"": ""B08X2X5YN5"", ""numeric_db_price"": 13.59, ""reconstructed_card_price"": null, ""price_display"": null}, {""product_id"": ""B000GAYQKY"", ""numeric_db_price"": 52.92, ""reconstructed_card_price"": null, ""price_display"": null}, {""product_id"": ""B01M4I8D07"", ""numeric_db_price"": 32.9, ""reconstructed_card_price"": null, ""price_display"": null}, {""product_id"": ""B09S4VHC1B"", ""numeric_db_price"": 49.92, ""reconstructed_card_price"": null, ""price_display"": null}, {""product_id"": ""B001AWZDA4"", ""numeric_db_price"": 21.92, ""reconstructed_card_price"": null, ""price_display"": null}, {""product_id"": ""B01AYFTRJA"", ""numeric_db_price"": 19.99, ""reconstructed_card_price"": null, ""price_display"": null}]"
S063,PRODUCT_COMPARISON,151,2,Compare the first and second.,"Compare prior products using available price, rating, reviews, trust, match, brand, and category without fabricating specifications.",{},"{""profile_id"": ""account_10_7c280d1d4b3d"", ""categories"": [""Watches""], ""brands"": [], ""colors"": [], ""materials"": [], ""sizes"": [], ""occasions"": [], ""minimum_price"": null, ""maximum_price"": 100.0, ""currency"": ""USD"", ""destination"": null, ""timeframe"": null, ""top_brand_mode"": false, ""active_request_text"": ""Watches under $100"", ""memory_version"": ""active_request_memory_v1"", ""_pending_bridge_version"": ""chat_pending_bridge_v1""}",I updated your previous shopping request.  - Product: Watches - Maximum price: $100  I found 10 exact matches satisfying the current constraints.  Prices are historical dataset prices and may differ from current Amazon prices.,"[""B0BG65PQ9F"", ""B071D37SF9"", ""B01M636GNK"", ""B01I9OMC2C"", ""B08X2X5YN5"", ""B000GAYQKY"", ""B01M4I8D07"", ""B09S4VHC1B"", ""B001AWZDA4"", ""B01AYFTRJA""]","{""categories"": [""Watches""], ""maximum_price"": 100.0, ""_pending_bridge_version"": ""chat_pending_bridge_v1""}",[],FAIL,RESULT_REFERENCE,The ordinal/reference request was not resolved; the engine repeated ordinary recommendation behavior instead of answering about prior products.,200,1.934507,"[{""product_id"": ""B0BG65PQ9F"", ""numeric_db_price"": 63.0, ""reconstructed_card_price"": null, ""price_display"": null}, {""product_id"": ""B071D37SF9"", ""numeric_db_price"": 22.0, ""reconstructed_card_price"": null, ""price_display"": null}, {""product_id"": ""B01M636GNK"", ""numeric_db_price"": 36.4, ""reconstructed_card_price"": null, ""price_display"": null}, {""product_id"": ""B01I9OMC2C"", ""numeric_db_price"": 37.73, ""reconstructed_card_price"": null, ""price_display"": null}, {""product_id"": ""B08X2X5YN5"", ""numeric_db_price"": 13.59, ""reconstructed_card_price"": null, ""price_display"": null}, {""product_id"": ""B000GAYQKY"", ""numeric_db_price"": 52.92, ""reconstructed_card_price"": null, ""price_display"": null}, {""product_id"": ""B01M4I8D07"", ""numeric_db_price"": 32.9, ""reconstructed_card_price"": null, ""price_display"": null}, {""product_id"": ""B09S4VHC1B"", ""numeric_db_price"": 49.92, ""reconstructed_card_price"": null, ""price_display"": null}, {""product_id"": ""B001AWZDA4"", ""numeric_db_price"": 21.92, ""reconstructed_card_price"": null, ""price_display"": null}, {""product_id"": ""B01AYFTRJA"", ""numeric_db_price"": 19.99, ""reconstructed_card_price"": null, ""price_display"": null}]"
S064,NO_EXACT_MATCH,152,1,Show me purple Casio t-shirts under $1.,"Return no fabricated products, preserve constraints, and suggest a useful relaxation.",{},"{""profile_id"": ""account_10_7c280d1d4b3d"", ""categories"": [""T-Shirts"", ""Shirts""], ""brands"": [""Casio""], ""colors"": [""purple""], ""materials"": [], ""sizes"": [], ""occasions"": [], ""minimum_price"": null, ""maximum_price"": 1.0, ""currency"": ""USD"", ""destination"": null, ""timeframe"": null, ""top_brand_mode"": false, ""active_request_text"": ""T-Shirts Shirts from Casio in purple under $1"", ""memory_version"": ""active_request_memory_v1"", ""_pending_bridge_version"": ""chat_pending_bridge_v1""}","I understood your shopping request.  - Product: T-Shirts, Shirts - Brand: Casio - Colour: purple - Maximum price: $1  I found no exact matches satisfying all of these constraints. I did not add unrelated products.  To see more results, you can increase the maximum budget, allow additional colours, or allow additional brands.  Prices are historical dataset prices and may differ from current Amazon prices.",[],"{""categories"": [""T-Shirts"", ""Shirts""], ""brands"": [""Casio""], ""colors"": [""purple""], ""maximum_price"": 1.0, ""_pending_bridge_version"": ""chat_pending_bridge_v1""}",[],PASS,,No products fabricated and relaxation language present.,200,4.686136,[]
S065,NO_EXACT_MATCH,153,1,Show me red Skechers watches under $2.,"Return no fabricated products, preserve constraints, and suggest a useful relaxation.",{},"{""profile_id"": ""account_10_7c280d1d4b3d"", ""categories"": [""Watches""], ""brands"": [""Skechers""], ""colors"": [""red""], ""materials"": [], ""sizes"": [], ""occasions"": [], ""minimum_price"": null, ""maximum_price"": 2.0, ""currency"": ""USD"", ""destination"": null, ""timeframe"": null, ""top_brand_mode"": false, ""active_request_text"": ""Watches from Skechers in red under $2"", ""memory_version"": ""active_request_memory_v1"", ""_pending_bridge_version"": ""chat_pending_bridge_v1""}","I understood your shopping request.  - Product: Watches - Brand: Skechers - Colour: red - Maximum price: $2  I found no exact matches satisfying all of these constraints. I did not add unrelated products.  To see more results, you can increase the maximum budget, allow additional colours, or allow additional brands.  Prices are historical dataset prices and may differ from current Amazon prices.",[],"{""categories"": [""Watches""], ""brands"": [""Skechers""], ""colors"": [""red""], ""maximum_price"": 2.0, ""_pending_bridge_version"": ""chat_pending_bridge_v1""}",[],PASS,,No products fabricated and relaxation language present.,200,3.541366,[]
S066,NO_EXACT_MATCH,154,1,Show me blue Nike jackets between $1 and $2.,"Return no fabricated products, preserve constraints, and suggest a useful relaxation.",{},"{""profile_id"": ""account_10_7c280d1d4b3d"", ""categories"": [""Jackets""], ""brands"": [""Nike""], ""colors"": [""blue""], ""materials"": [], ""sizes"": [], ""occasions"": [], ""minimum_price"": 1.0, ""maximum_price"": 2.0, ""currency"": ""USD"", ""destination"": null, ""timeframe"": null, ""top_brand_mode"": false, ""active_request_text"": ""Jackets from Nike in blue over $1 under $2"", ""memory_version"": ""active_request_memory_v1"", ""_pending_bridge_version"": ""chat_pending_bridge_v1""}","I understood your shopping request.  - Product: Jackets - Brand: Nike - Colour: blue - Minimum price: $1 - Maximum price: $2  I found no exact matches satisfying all of these constraints. I did not add unrelated products.  To see more results, you can increase the maximum budget, allow additional colours, or allow additional brands.  Prices are historical dataset prices and may differ from current Amazon prices.",[],"{""categories"": [""Jackets""], ""brands"": [""Nike""], ""colors"": [""blue""], ""minimum_price"": 1.0, ""maximum_price"": 2.0, ""_pending_bridge_version"": ""chat_pending_bridge_v1""}",[],PASS,,No products fabricated and relaxation language present.,200,3.389155,[]
S067,GENERAL_SHOPPING_ADVICE,155,1,What should I look for when buying running shoes?,Provide grounded general guidance or explicitly classify this as unsupported.,{},"{""profile_id"": ""account_10_7c280d1d4b3d"", ""categories"": [""Shoes"", ""Running""], ""brands"": [], ""colors"": [], ""materials"": [], ""sizes"": [], ""occasions"": [""running""], ""minimum_price"": null, ""maximum_price"": null, ""currency"": ""USD"", ""destination"": null, ""timeframe"": null, ""top_brand_mode"": false, ""active_request_text"": ""running shoes for running"", ""memory_version"": ""active_request_memory_v1"", ""_pending_bridge_version"": ""chat_pending_bridge_v1""}","I understood your shopping request.  - Product: Shoes, Running - Maximum price: flexible  I found 10 exact matches satisfying the current constraints.  Prices are historical dataset prices and may differ from current Amazon prices.","[""B0BYNY3FQR"", ""B00Q4V24RQ"", ""B00Q2JC290"", ""B0BK7TW2DV"", ""B093R14VP1"", ""B0C4YJGPTQ"", ""B093QSK3W1"", ""B07WHBP9NK"", ""B07Q2347GD"", ""B0C63ZMMGV""]","{""categories"": [""Shoes"", ""Running""], ""occasions"": [""running""], ""_pending_bridge_version"": ""chat_pending_bridge_v1""}",[],UNSUPPORTED,DATA_LIMITATION,General shopping-advice behavior is not implemented as a distinct capability in the deterministic response path.,200,5.129834,"[{""product_id"": ""B0BYNY3FQR"", ""numeric_db_price"": 42.9, ""reconstructed_card_price"": null, ""price_display"": null}, {""product_id"": ""B00Q4V24RQ"", ""numeric_db_price"": 57.95, ""reconstructed_card_price"": null, ""price_display"": null}, {""product_id"": ""B00Q2JC290"", ""numeric_db_price"": 39.99, ""reconstructed_card_price"": null, ""price_display"": null}, {""product_id"": ""B0BK7TW2DV"", ""numeric_db_price"": 69.96, ""reconstructed_card_price"": null, ""price_display"": null}, {""product_id"": ""B093R14VP1"", ""numeric_db_price"": 63.95, ""reconstructed_card_price"": null, ""price_display"": null}, {""product_id"": ""B0C4YJGPTQ"", ""numeric_db_price"": 49.95, ""reconstructed_card_price"": null, ""price_display"": null}, {""product_id"": ""B093QSK3W1"", ""numeric_db_price"": 53.95, ""reconstructed_card_price"": null, ""price_display"": null}, {""product_id"": ""B07WHBP9NK"", ""numeric_db_price"": 64.99, ""reconstructed_card_price"": null, ""price_display"": null}, {""product_id"": ""B07Q2347GD"", ""numeric_db_price"": 27.9, ""reconstructed_card_price"": null, ""price_display"": null}, {""product_id"": ""B0C63ZMMGV"", ""numeric_db_price"": 44.52, ""reconstructed_card_price"": null, ""price_display"": null}]"
S068,GENERAL_SHOPPING_ADVICE,156,1,Which type of jacket is good for winter?,Provide grounded general guidance or explicitly classify this as unsupported.,{},"{""profile_id"": ""account_10_7c280d1d4b3d"", ""categories"": [""Jackets""], ""brands"": [], ""colors"": [], ""materials"": [], ""sizes"": [], ""occasions"": [], ""minimum_price"": null, ""maximum_price"": null, ""currency"": ""USD"", ""destination"": null, ""timeframe"": null, ""top_brand_mode"": false, ""active_request_text"": ""Jackets"", ""memory_version"": ""active_request_memory_v1"", ""_pending_bridge_version"": ""chat_pending_bridge_v1""}",I understood your shopping request.  - Product: Jackets - Maximum price: flexible  I found 10 exact matches satisfying the current constraints.  Prices are historical dataset prices and may differ from current Amazon prices.,"[""B0BLXPNPQV"", ""B0084AVW7I"", ""B0BFQBC58T"", ""B0B18B6FGH"", ""B08JJJV897"", ""B0BHTPQ72V"", ""B09HDMWRTX"", ""B09M6QR4BP"", ""B08224J2ZG"", ""B00NHO4WCS""]","{""categories"": [""Jackets""], ""_pending_bridge_version"": ""chat_pending_bridge_v1""}",[],UNSUPPORTED,DATA_LIMITATION,General shopping-advice behavior is not implemented as a distinct capability in the deterministic response path.,200,1.770406,"[{""product_id"": ""B0BLXPNPQV"", ""numeric_db_price"": 44.99, ""reconstructed_card_price"": null, ""price_display"": null}, {""product_id"": ""B0084AVW7I"", ""numeric_db_price"": 44.99, ""reconstructed_card_price"": null, ""price_display"": null}, {""product_id"": ""B0BFQBC58T"", ""numeric_db_price"": 23.92, ""reconstructed_card_price"": null, ""price_display"": null}, {""product_id"": ""B0B18B6FGH"", ""numeric_db_price"": 49.95, ""reconstructed_card_price"": null, ""price_display"": null}, {""product_id"": ""B08JJJV897"", ""numeric_db_price"": 38.99, ""reconstructed_card_price"": null, ""price_display"": null}, {""product_id"": ""B0BHTPQ72V"", ""numeric_db_price"": 179.99, ""reconstructed_card_price"": null, ""price_display"": null}, {""product_id"": ""B09HDMWRTX"", ""numeric_db_price"": 39.99, ""reconstructed_card_price"": null, ""price_display"": null}, {""product_id"": ""B09M6QR4BP"", ""numeric_db_price"": 69.97, ""reconstructed_card_price"": null, ""price_display"": null}, {""product_id"": ""B08224J2ZG"", ""numeric_db_price"": 49.99, ""reconstructed_card_price"": null, ""price_display"": null}, {""product_id"": ""B00NHO4WCS"", ""numeric_db_price"": 69.97, ""reconstructed_card_price"": null, ""price_display"": null}]"
S069,GIFT_SHOPPING,157,1,I need a gift for my dad under $100.,"Handle recipient and budget, ground recommendations, and clarify useful missing details.",{},"{""profile_id"": ""account_10_7c280d1d4b3d"", ""categories"": [], ""brands"": [], ""colors"": [], ""materials"": [], ""sizes"": [], ""occasions"": [], ""minimum_price"": null, ""maximum_price"": null, ""currency"": ""USD"", ""destination"": null, ""timeframe"": null, ""top_brand_mode"": false, ""active_request_text"": null, ""memory_version"": ""active_request_memory_v1"", ""_pending_conversation_state"": {""bridge_version"": ""chat_pending_bridge_v1"", ""profile_id"": ""account_10_7c280d1d4b3d"", ""pending_request_text"": ""I need a gift for my dad under $100."", ""pending_question"": ""What type of product are you looking for?"", ""pending_field"": ""product_type"", ""source_session_id"": 286}, ""_pending_bridge_version"": ""chat_pending_bridge_v1""}",What type of product are you looking for?,[],"{""_pending_conversation_state"": {""bridge_version"": ""chat_pending_bridge_v1"", ""profile_id"": ""account_10_7c280d1d4b3d"", ""pending_request_text"": ""I need a gift for my dad under $100."", ""pending_question"": ""What type of product are you looking for?"", ""pending_field"": ""product_type"", ""source_session_id"": 286}, ""_pending_bridge_version"": ""chat_pending_bridge_v1""}",[],PARTIAL,CONVERSATION_RESPONSE,Recipient/occasion handling recorded for qualitative audit.,200,0.773422,[]
S070,GIFT_SHOPPING,158,1,Suggest a birthday gift.,Handle gift intent with useful clarification and catalogue grounding.,{},"{""profile_id"": ""account_10_7c280d1d4b3d"", ""categories"": [], ""brands"": [], ""colors"": [], ""materials"": [], ""sizes"": [], ""occasions"": [], ""minimum_price"": null, ""maximum_price"": null, ""currency"": ""USD"", ""destination"": null, ""timeframe"": null, ""top_brand_mode"": false, ""active_request_text"": null, ""memory_version"": ""active_request_memory_v1"", ""_pending_conversation_state"": {""bridge_version"": ""chat_pending_bridge_v1"", ""profile_id"": ""account_10_7c280d1d4b3d"", ""pending_request_text"": ""Suggest a birthday gift."", ""pending_question"": ""What type of product are you looking for?"", ""pending_field"": ""product_type"", ""source_session_id"": 287}, ""_pending_bridge_version"": ""chat_pending_bridge_v1""}",What type of product are you looking for?,[],"{""_pending_conversation_state"": {""bridge_version"": ""chat_pending_bridge_v1"", ""profile_id"": ""account_10_7c280d1d4b3d"", ""pending_request_text"": ""Suggest a birthday gift."", ""pending_question"": ""What type of product are you looking for?"", ""pending_field"": ""product_type"", ""source_session_id"": 287}, ""_pending_bridge_version"": ""chat_pending_bridge_v1""}",[],PARTIAL,CONVERSATION_RESPONSE,Recipient/occasion handling recorded for qualitative audit.,200,0.753084,[]
S071,OCCASION_SHOPPING,159,1,I need something for a birthday party.,Interpret occasion and provide grounded recommendations or clarification.,{},"{""profile_id"": ""account_10_7c280d1d4b3d"", ""categories"": [], ""brands"": [], ""colors"": [], ""materials"": [], ""sizes"": [], ""occasions"": [], ""minimum_price"": null, ""maximum_price"": null, ""currency"": ""USD"", ""destination"": null, ""timeframe"": null, ""top_brand_mode"": false, ""active_request_text"": null, ""memory_version"": ""active_request_memory_v1"", ""_pending_conversation_state"": {""bridge_version"": ""chat_pending_bridge_v1"", ""profile_id"": ""account_10_7c280d1d4b3d"", ""pending_request_text"": ""I need something for a birthday party."", ""pending_question"": ""What type of product are you looking for?"", ""pending_field"": ""product_type"", ""source_session_id"": 288}, ""_pending_bridge_version"": ""chat_pending_bridge_v1""}",What type of product are you looking for?,[],"{""_pending_conversation_state"": {""bridge_version"": ""chat_pending_bridge_v1"", ""profile_id"": ""account_10_7c280d1d4b3d"", ""pending_request_text"": ""I need something for a birthday party."", ""pending_question"": ""What type of product are you looking for?"", ""pending_field"": ""product_type"", ""source_session_id"": 288}, ""_pending_bridge_version"": ""chat_pending_bridge_v1""}",[],PARTIAL,PARSER,Recipient/occasion handling recorded for qualitative audit.,200,0.752229,[]
S072,OCCASION_SHOPPING,160,1,Something for work.,Interpret work occasion and provide grounded recommendations or clarification.,{},"{""profile_id"": ""account_10_7c280d1d4b3d"", ""categories"": [""Work""], ""brands"": [], ""colors"": [], ""materials"": [], ""sizes"": [], ""occasions"": [""work""], ""minimum_price"": null, ""maximum_price"": null, ""currency"": ""USD"", ""destination"": null, ""timeframe"": null, ""top_brand_mode"": false, ""active_request_text"": ""Work for work"", ""memory_version"": ""active_request_memory_v1"", ""_pending_bridge_version"": ""chat_pending_bridge_v1""}",I understood your shopping request.  - Product: Work - Maximum price: flexible  I found 10 exact matches satisfying the current constraints.  Prices are historical dataset prices and may differ from current Amazon prices.,"[""B09R4Z42F4"", ""B002G9U8VE"", ""B07BT5QZSB"", ""B0C1CW6ZCJ"", ""B01H54X6CM"", ""B07C5CV515"", ""B0B2BCZR6D"", ""B00O7P6D82"", ""B07QMS8TX8"", ""B0B4G61BPG""]","{""categories"": [""Work""], ""occasions"": [""work""], ""_pending_bridge_version"": ""chat_pending_bridge_v1""}",[],PARTIAL,PARSER,Recipient/occasion handling recorded for qualitative audit.,200,3.735874,"[{""product_id"": ""B09R4Z42F4"", ""numeric_db_price"": 29.99, ""reconstructed_card_price"": null, ""price_display"": null}, {""product_id"": ""B002G9U8VE"", ""numeric_db_price"": 24.99, ""reconstructed_card_price"": null, ""price_display"": null}, {""product_id"": ""B07BT5QZSB"", ""numeric_db_price"": 12.37, ""reconstructed_card_price"": null, ""price_display"": null}, {""product_id"": ""B0C1CW6ZCJ"", ""numeric_db_price"": 24.99, ""reconstructed_card_price"": null, ""price_display"": null}, {""product_id"": ""B01H54X6CM"", ""numeric_db_price"": 34.99, ""reconstructed_card_price"": null, ""price_display"": null}, {""product_id"": ""B07C5CV515"", ""numeric_db_price"": 39.99, ""reconstructed_card_price"": null, ""price_display"": null}, {""product_id"": ""B0B2BCZR6D"", ""numeric_db_price"": 55.0, ""reconstructed_card_price"": null, ""price_display"": null}, {""product_id"": ""B00O7P6D82"", ""numeric_db_price"": 44.99, ""reconstructed_card_price"": null, ""price_display"": null}, {""product_id"": ""B07QMS8TX8"", ""numeric_db_price"": 19.19, ""reconstructed_card_price"": null, ""price_display"": null}, {""product_id"": ""B0B4G61BPG"", ""numeric_db_price"": 20.97, ""reconstructed_card_price"": null, ""price_display"": null}]"
S073,OUTFIT_MAKEOVER,161,1,I have a 500 $ budget for my complete makeover.,"Clarify supported recipient, then return 3x5 complete looks within total budget with slots, links, persistence, and reloadability.",{},"{""profile_id"": ""account_10_7c280d1d4b3d"", ""categories"": [], ""brands"": [], ""colors"": [], ""materials"": [], ""sizes"": [], ""occasions"": [], ""minimum_price"": null, ""maximum_price"": null, ""currency"": ""USD"", ""destination"": null, ""timeframe"": null, ""top_brand_mode"": false, ""active_request_text"": null, ""memory_version"": ""active_request_memory_v1"", ""_pending_conversation_state"": {""bridge_version"": ""chat_pending_bridge_v1"", ""profile_id"": ""account_10_7c280d1d4b3d"", ""pending_request_text"": ""I have a 500 $ budget for my complete makeover."", ""pending_question"": ""Is the outfit for men's or women's clothing?"", ""pending_field"": ""outfit_recipient"", ""source_session_id"": 290}, ""_pending_bridge_version"": ""chat_pending_bridge_v1""}",Is the outfit for men's or women's clothing?,[],"{""_pending_conversation_state"": {""bridge_version"": ""chat_pending_bridge_v1"", ""profile_id"": ""account_10_7c280d1d4b3d"", ""pending_request_text"": ""I have a 500 $ budget for my complete makeover."", ""pending_question"": ""Is the outfit for men's or women's clothing?"", ""pending_field"": ""outfit_recipient"", ""source_session_id"": 290}, ""_pending_bridge_version"": ""chat_pending_bridge_v1""}",[],PARTIAL,OUTFIT,Appropriate recipient clarification was asked.,200,0.766995,[]
S073,OUTFIT_MAKEOVER,161,2,Give me combinations for tomorrow's birthday party.,"Clarify supported recipient, then return 3x5 complete looks within total budget with slots, links, persistence, and reloadability.",{},"{""profile_id"": ""account_10_7c280d1d4b3d"", ""categories"": [], ""brands"": [], ""colors"": [], ""materials"": [], ""sizes"": [], ""occasions"": [], ""minimum_price"": null, ""maximum_price"": null, ""currency"": ""USD"", ""destination"": null, ""timeframe"": null, ""top_brand_mode"": false, ""active_request_text"": null, ""memory_version"": ""active_request_memory_v1"", ""_pending_conversation_state"": {""bridge_version"": ""chat_pending_bridge_v1"", ""profile_id"": ""account_10_7c280d1d4b3d"", ""pending_request_text"": ""I have a 500 $ budget for my complete makeover. Give me combinations for tomorrow's birthday party."", ""pending_question"": ""What type of product are you looking for?"", ""pending_field"": ""product_type"", ""source_session_id"": 291}, ""_pending_bridge_version"": ""chat_pending_bridge_v1""}",What type of product are you looking for?,[],"{""_pending_conversation_state"": {""bridge_version"": ""chat_pending_bridge_v1"", ""profile_id"": ""account_10_7c280d1d4b3d"", ""pending_request_text"": ""I have a 500 $ budget for my complete makeover. Give me combinations for tomorrow's birthday party."", ""pending_question"": ""What type of product are you looking for?"", ""pending_field"": ""product_type"", ""source_session_id"": 291}, ""_pending_bridge_version"": ""chat_pending_bridge_v1""}",[],FAIL,OUTFIT,The pending outfit clarification was lost; the flow switched to generic product-type clarification and produced no 3x5 outfits.,200,0.986135,[]
S073,OUTFIT_MAKEOVER,161,3,Men,"Clarify supported recipient, then return 3x5 complete looks within total budget with slots, links, persistence, and reloadability.",{},"{""profile_id"": ""account_10_7c280d1d4b3d"", ""categories"": [], ""brands"": [], ""colors"": [], ""materials"": [], ""sizes"": [], ""occasions"": [], ""minimum_price"": null, ""maximum_price"": null, ""currency"": ""USD"", ""destination"": null, ""timeframe"": null, ""top_brand_mode"": false, ""active_request_text"": null, ""memory_version"": ""active_request_memory_v1"", ""_pending_conversation_state"": {""bridge_version"": ""chat_pending_bridge_v1"", ""profile_id"": ""account_10_7c280d1d4b3d"", ""pending_request_text"": ""I have a 500 $ budget for my complete makeover. Give me combinations for tomorrow's birthday party. Men"", ""pending_question"": ""What type of product are you looking for?"", ""pending_field"": ""product_type"", ""source_session_id"": 292}, ""_pending_bridge_version"": ""chat_pending_bridge_v1""}",What type of product are you looking for?,[],"{""_pending_conversation_state"": {""bridge_version"": ""chat_pending_bridge_v1"", ""profile_id"": ""account_10_7c280d1d4b3d"", ""pending_request_text"": ""I have a 500 $ budget for my complete makeover. Give me combinations for tomorrow's birthday party. Men"", ""pending_question"": ""What type of product are you looking for?"", ""pending_field"": ""product_type"", ""source_session_id"": 292}, ""_pending_bridge_version"": ""chat_pending_bridge_v1""}",[],FAIL,OUTFIT,The pending outfit clarification was lost; the flow switched to generic product-type clarification and produced no 3x5 outfits.,200,0.936035,[]
S074,OUTFIT_FOLLOW_UP,162,1,I have a $400 budget for a complete men's casual outfit.,Return supported outfit recommendations then handle another-outfit follow-up.,{},"{""profile_id"": ""account_10_7c280d1d4b3d"", ""categories"": [""Casual""], ""brands"": [], ""colors"": [], ""materials"": [], ""sizes"": [], ""occasions"": [""casual""], ""minimum_price"": null, ""maximum_price"": 400.0, ""currency"": ""USD"", ""destination"": null, ""timeframe"": null, ""top_brand_mode"": false, ""active_request_text"": ""Casual under $400 for casual"", ""memory_version"": ""active_request_memory_v1"", ""_pending_bridge_version"": ""chat_pending_bridge_v1""}",I understood your shopping request.  - Product: Casual - Maximum price: $400  I found 10 exact matches satisfying the current constraints.  Prices are historical dataset prices and may differ from current Amazon prices.,"[""B071YV88D9"", ""B0964J71QD"", ""B0BTNVPGD9"", ""B0B434H4KW"", ""B0BKT5D697"", ""B09X5MN3KG"", ""B08YSSGDKZ"", ""B086W41RKN"", ""B09378T6CW"", ""B07DVC8L4H""]","{""categories"": [""Casual""], ""occasions"": [""casual""], ""maximum_price"": 400.0, ""_pending_bridge_version"": ""chat_pending_bridge_v1""}",[],FAIL,OUTFIT,"The request was routed to normal Casual product recommendations, not the grouped outfit mode; follow-up repeated the same products.",200,3.544303,"[{""product_id"": ""B071YV88D9"", ""numeric_db_price"": 36.99, ""reconstructed_card_price"": null, ""price_display"": null}, {""product_id"": ""B0964J71QD"", ""numeric_db_price"": 12.6, ""reconstructed_card_price"": null, ""price_display"": null}, {""product_id"": ""B0BTNVPGD9"", ""numeric_db_price"": 21.99, ""reconstructed_card_price"": null, ""price_display"": null}, {""product_id"": ""B0B434H4KW"", ""numeric_db_price"": 42.9, ""reconstructed_card_price"": null, ""price_display"": null}, {""product_id"": ""B0BKT5D697"", ""numeric_db_price"": 33.3, ""reconstructed_card_price"": null, ""price_display"": null}, {""product_id"": ""B09X5MN3KG"", ""numeric_db_price"": 32.99, ""reconstructed_card_price"": null, ""price_display"": null}, {""product_id"": ""B08YSSGDKZ"", ""numeric_db_price"": 33.19, ""reconstructed_card_price"": null, ""price_display"": null}, {""product_id"": ""B086W41RKN"", ""numeric_db_price"": 32.99, ""reconstructed_card_price"": null, ""price_display"": null}, {""product_id"": ""B09378T6CW"", ""numeric_db_price"": 34.92, ""reconstructed_card_price"": null, ""price_display"": null}, {""product_id"": ""B07DVC8L4H"", ""numeric_db_price"": 24.99, ""reconstructed_card_price"": null, ""price_display"": null}]"
S074,OUTFIT_FOLLOW_UP,162,2,Show me another outfit.,Return supported outfit recommendations then handle another-outfit follow-up.,{},"{""profile_id"": ""account_10_7c280d1d4b3d"", ""categories"": [""Casual""], ""brands"": [], ""colors"": [], ""materials"": [], ""sizes"": [], ""occasions"": [""casual""], ""minimum_price"": null, ""maximum_price"": 400.0, ""currency"": ""USD"", ""destination"": null, ""timeframe"": null, ""top_brand_mode"": false, ""active_request_text"": ""Casual under $400 for casual"", ""memory_version"": ""active_request_memory_v1"", ""_pending_bridge_version"": ""chat_pending_bridge_v1""}",I updated your previous shopping request.  - Product: Casual - Maximum price: $400  I found 10 exact matches satisfying the current constraints.  Prices are historical dataset prices and may differ from current Amazon prices.,"[""B071YV88D9"", ""B0964J71QD"", ""B0BTNVPGD9"", ""B0B434H4KW"", ""B0BKT5D697"", ""B09X5MN3KG"", ""B08YSSGDKZ"", ""B086W41RKN"", ""B09378T6CW"", ""B07DVC8L4H""]","{""categories"": [""Casual""], ""occasions"": [""casual""], ""maximum_price"": 400.0, ""_pending_bridge_version"": ""chat_pending_bridge_v1""}",[],FAIL,OUTFIT,"The request was routed to normal Casual product recommendations, not the grouped outfit mode; follow-up repeated the same products.",200,3.911428,"[{""product_id"": ""B071YV88D9"", ""numeric_db_price"": 36.99, ""reconstructed_card_price"": null, ""price_display"": null}, {""product_id"": ""B0964J71QD"", ""numeric_db_price"": 12.6, ""reconstructed_card_price"": null, ""price_display"": null}, {""product_id"": ""B0BTNVPGD9"", ""numeric_db_price"": 21.99, ""reconstructed_card_price"": null, ""price_display"": null}, {""product_id"": ""B0B434H4KW"", ""numeric_db_price"": 42.9, ""reconstructed_card_price"": null, ""price_display"": null}, {""product_id"": ""B0BKT5D697"", ""numeric_db_price"": 33.3, ""reconstructed_card_price"": null, ""price_display"": null}, {""product_id"": ""B09X5MN3KG"", ""numeric_db_price"": 32.99, ""reconstructed_card_price"": null, ""price_display"": null}, {""product_id"": ""B08YSSGDKZ"", ""numeric_db_price"": 33.19, ""reconstructed_card_price"": null, ""price_display"": null}, {""product_id"": ""B086W41RKN"", ""numeric_db_price"": 32.99, ""reconstructed_card_price"": null, ""price_display"": null}, {""product_id"": ""B09378T6CW"", ""numeric_db_price"": 34.92, ""reconstructed_card_price"": null, ""price_display"": null}, {""product_id"": ""B07DVC8L4H"", ""numeric_db_price"": 24.99, ""reconstructed_card_price"": null, ""price_display"": null}]"
S075,MULTI_PRODUCT_AND_GROUNDING,163,1,I need shoes and a watch under $150 total.,"Record multi-product capability and clearly refuse unsupported live stock, delivery, current-price, and coupon claims.",{},"{""profile_id"": ""account_10_7c280d1d4b3d"", ""categories"": [""Shoes"", ""Watches""], ""brands"": [], ""colors"": [], ""materials"": [], ""sizes"": [], ""occasions"": [], ""minimum_price"": null, ""maximum_price"": 150.0, ""currency"": ""USD"", ""destination"": null, ""timeframe"": null, ""top_brand_mode"": false, ""active_request_text"": ""Shoes Watches under $150"", ""memory_version"": ""active_request_memory_v1"", ""_pending_bridge_version"": ""chat_pending_bridge_v1""}","I understood your shopping request.  - Product: Shoes, Watches - Maximum price: $150  I found no exact matches satisfying all of these constraints. I did not add unrelated products.  To see more results, you can increase the maximum budget.  Prices are historical dataset prices and may differ from current Amazon prices.",[],"{""categories"": [""Shoes"", ""Watches""], ""maximum_price"": 150.0, ""_pending_bridge_version"": ""chat_pending_bridge_v1""}",[],UNSUPPORTED,CONVERSATION_RESPONSE,The multi-product request was treated as an impossible category intersection rather than a basket with a total budget.,200,1.685647,[]
S075,MULTI_PRODUCT_AND_GROUNDING,163,2,Is the first one in stock and can it arrive tomorrow?,"Record multi-product capability and clearly refuse unsupported live stock, delivery, current-price, and coupon claims.",{},"{""profile_id"": ""account_10_7c280d1d4b3d"", ""categories"": [""Shoes"", ""Watches""], ""brands"": [], ""colors"": [], ""materials"": [], ""sizes"": [], ""occasions"": [], ""minimum_price"": null, ""maximum_price"": 150.0, ""currency"": ""USD"", ""destination"": null, ""timeframe"": ""tomorrow"", ""top_brand_mode"": false, ""active_request_text"": ""Shoes Watches under $150 tomorrow"", ""memory_version"": ""active_request_memory_v1"", ""_pending_bridge_version"": ""chat_pending_bridge_v1""}","I updated your previous shopping request.  - Product: Shoes, Watches - Maximum price: $150 - Timeframe: tomorrow  I found no exact matches satisfying all of these constraints. I did not add unrelated products.  To see more results, you can increase the maximum budget.  Prices are historical dataset prices and may differ from current Amazon prices.",[],"{""categories"": [""Shoes"", ""Watches""], ""maximum_price"": 150.0, ""timeframe"": ""tomorrow"", ""_pending_bridge_version"": ""chat_pending_bridge_v1""}",[],PARTIAL,DATA_LIMITATION,"No live claim was fabricated, but the response did not directly explain that stock/delivery/current price/coupon data are unavailable.",200,2.154411,[]
S075,MULTI_PRODUCT_AND_GROUNDING,163,3,What's today's Amazon price and is there a coupon?,"Record multi-product capability and clearly refuse unsupported live stock, delivery, current-price, and coupon claims.",{},"{""profile_id"": ""account_10_7c280d1d4b3d"", ""categories"": [""Shoes"", ""Watches""], ""brands"": [], ""colors"": [], ""materials"": [], ""sizes"": [], ""occasions"": [], ""minimum_price"": null, ""maximum_price"": 150.0, ""currency"": ""USD"", ""destination"": null, ""timeframe"": ""today"", ""top_brand_mode"": false, ""active_request_text"": ""Shoes Watches under $150 today"", ""memory_version"": ""active_request_memory_v1"", ""_pending_bridge_version"": ""chat_pending_bridge_v1""}","I updated your previous shopping request.  - Product: Shoes, Watches - Maximum price: $150 - Timeframe: today  I found no exact matches satisfying all of these constraints. I did not add unrelated products.  To see more results, you can increase the maximum budget.  Prices are historical dataset prices and may differ from current Amazon prices.",[],"{""categories"": [""Shoes"", ""Watches""], ""maximum_price"": 150.0, ""timeframe"": ""today"", ""_pending_bridge_version"": ""chat_pending_bridge_v1""}",[],PARTIAL,DATA_LIMITATION,"No live claim was fabricated, but the response did not directly explain that stock/delivery/current price/coupon data are unavailable.",200,2.355232,[]
